[{"model": "contenttypes.contenttype", "pk": 1, "fields": {"app_label": "admin", "model": "logentry"}}, {"model": "contenttypes.contenttype", "pk": 2, "fields": {"app_label": "auth", "model": "permission"}}, {"model": "contenttypes.contenttype", "pk": 3, "fields": {"app_label": "auth", "model": "user"}}, {"model": "contenttypes.contenttype", "pk": 4, "fields": {"app_label": "auth", "model": "group"}}, {"model": "contenttypes.contenttype", "pk": 5, "fields": {"app_label": "contenttypes", "model": "contenttype"}}, {"model": "contenttypes.contenttype", "pk": 6, "fields": {"app_label": "sessions", "model": "session"}}, {"model": "contenttypes.contenttype", "pk": 7, "fields": {"app_label": "landing", "model": "subscribers"}}, {"model": "contenttypes.contenttype", "pk": 8, "fields": {"app_label": "landing", "model": "subscriber"}}, {"model": "contenttypes.contenttype", "pk": 9, "fields": {"app_label": "product", "model": "productimage"}}, {"model": "contenttypes.contenttype", "pk": 10, "fields": {"app_label": "product", "model": "product"}}, {"model": "contenttypes.contenttype", "pk": 11, "fields": {"app_label": "order", "model": "order"}}, {"model": "contenttypes.contenttype", "pk": 12, "fields": {"app_label": "order", "model": "status"}}, {"model": "contenttypes.contenttype", "pk": 13, "fields": {"app_label": "order", "model": "productinorder"}}, {"model": "contenttypes.contenttype", "pk": 14, "fields": {"app_label": "product", "model": "category"}}, {"model": "contenttypes.contenttype", "pk": 15, "fields": {"app_label": "order", "model": "productincart"}}, {"model": "contenttypes.contenttype", "pk": 16, "fields": {"app_label": "sites", "model": "site"}}, {"model": "contenttypes.contenttype", "pk": 17, "fields": {"app_label": "account", "model": "emailaddress"}}, {"model": "contenttypes.contenttype", "pk": 18, "fields": {"app_label": "account", "model": "emailconfirmation"}}, {"model": "contenttypes.contenttype", "pk": 19, "fields": {"app_label": "socialaccount", "model": "socialaccount"}}, {"model": "contenttypes.contenttype", "pk": 20, "fields": {"app_label": "socialaccount", "model": "socialapp"}}, {"model": "contenttypes.contenttype", "pk": 21, "fields": {"app_label": "socialaccount", "model": "socialtoken"}}, {"model": "sessions.session", "pk": "2boyebijqhpwrdhdlbt3631z5468y5lk", "fields": {"session_data": "Yjc4ODhjM2ZhMzBhMDY0ZjYwNjQ4ODY4ZDVjNmFhMmQ4OGQxMjhlYTp7Il9hdXRoX3VzZXJfaWQiOiIxIiwiX2F1dGhfdXNlcl9iYWNrZW5kIjoiZGphbmdvLmNvbnRyaWIuYXV0aC5iYWNrZW5kcy5Nb2RlbEJhY2tlbmQiLCJfYXV0aF91c2VyX2hhc2giOiIyNjY3ZDQ4NWE4OTg0MmZhZTk3ZDY0ZTEzOGJmZmU0NTdiZTM2YTJmIn0=", "expire_date": "2018-08-25T16:35:05.381Z"}}, {"model": "sessions.session", "pk": "4nhgxmspmmk93mrx13rgrt1r4iuipk6n", "fields": {"session_data": "Yjc4ODhjM2ZhMzBhMDY0ZjYwNjQ4ODY4ZDVjNmFhMmQ4OGQxMjhlYTp7Il9hdXRoX3VzZXJfaWQiOiIxIiwiX2F1dGhfdXNlcl9iYWNrZW5kIjoiZGphbmdvLmNvbnRyaWIuYXV0aC5iYWNrZW5kcy5Nb2RlbEJhY2tlbmQiLCJfYXV0aF91c2VyX2hhc2giOiIyNjY3ZDQ4NWE4OTg0MmZhZTk3ZDY0ZTEzOGJmZmU0NTdiZTM2YTJmIn0=", "expire_date": "2018-10-03T11:29:17.051Z"}}, {"model": "sessions.session", "pk": "5t0iz4zd8duyj5bpuo2txmkumqzfucdq", "fields": {"session_data": "NDNiMmJkMTlhODZlODU2NWY2NmNjZTc5NTg4YzUzYWNjNDEyYjFmOTp7Il9hdXRoX3VzZXJfaWQiOiIxIiwiX2F1dGhfdXNlcl9iYWNrZW5kIjoiZGphbmdvLmNvbnRyaWIuYXV0aC5iYWNrZW5kcy5Nb2RlbEJhY2tlbmQiLCJfYXV0aF91c2VyX2hhc2giOiI5Y2NhYTYwYzNhODVhMTNmODJkMjM5NDgwZGVjN2MyODVhMjM2NmUxIn0=", "expire_date": "2018-10-28T17:40:47.498Z"}}, {"model": "sessions.session", "pk": "73991qrhampyg3x76at8nfx139oa3qws", "fields": {"session_data": "MzZlMjZmYmU5M2M0MmI2ODE5MmYzOTdlNzUwOTdmMDdkMWY4N2YxZDp7fQ==", "expire_date": "2018-10-26T18:37:19.688Z"}}, {"model": "sessions.session", "pk": "7nk87aunspkck62z35g5v0badmmq4ant", "fields": {"session_data": "MzZlMjZmYmU5M2M0MmI2ODE5MmYzOTdlNzUwOTdmMDdkMWY4N2YxZDp7fQ==", "expire_date": "2018-10-24T09:05:11.160Z"}}, {"model": "sessions.session", "pk": "8bqr74ymunv9fawgedwwwher2ssta9ev", "fields": {"session_data": "Yjc4ODhjM2ZhMzBhMDY0ZjYwNjQ4ODY4ZDVjNmFhMmQ4OGQxMjhlYTp7Il9hdXRoX3VzZXJfaWQiOiIxIiwiX2F1dGhfdXNlcl9iYWNrZW5kIjoiZGphbmdvLmNvbnRyaWIuYXV0aC5iYWNrZW5kcy5Nb2RlbEJhY2tlbmQiLCJfYXV0aF91c2VyX2hhc2giOiIyNjY3ZDQ4NWE4OTg0MmZhZTk3ZDY0ZTEzOGJmZmU0NTdiZTM2YTJmIn0=", "expire_date": "2018-06-26T18:49:32.191Z"}}, {"model": "sessions.session", "pk": "cv2jpdvbpkd11emcpqvcta1kjndakfdw", "fields": {"session_data": "MzZlMjZmYmU5M2M0MmI2ODE5MmYzOTdlNzUwOTdmMDdkMWY4N2YxZDp7fQ==", "expire_date": "2018-10-25T16:37:24.630Z"}}, {"model": "sessions.session", "pk": "ds8k0w3zkkiqxsenzlnbmp6mfauibe9e", "fields": {"session_data": "MzZlMjZmYmU5M2M0MmI2ODE5MmYzOTdlNzUwOTdmMDdkMWY4N2YxZDp7fQ==", "expire_date": "2018-10-25T16:39:59.100Z"}}, {"model": "sessions.session", "pk": "dz7h87zlma6wz6830ulftli79vfxuass", "fields": {"session_data": "MzZlMjZmYmU5M2M0MmI2ODE5MmYzOTdlNzUwOTdmMDdkMWY4N2YxZDp7fQ==", "expire_date": "2018-10-26T18:49:38.450Z"}}, {"model": "sessions.session", "pk": "e3dqvd7th34pb4e0blo6ysqda4621vt2", "fields": {"session_data": "MzZlMjZmYmU5M2M0MmI2ODE5MmYzOTdlNzUwOTdmMDdkMWY4N2YxZDp7fQ==", "expire_date": "2018-10-25T16:06:01.180Z"}}, {"model": "sessions.session", "pk": "f4q6z62w5au9u6rs9ooxrcy7sfkvmk72", "fields": {"session_data": "MzZlMjZmYmU5M2M0MmI2ODE5MmYzOTdlNzUwOTdmMDdkMWY4N2YxZDp7fQ==", "expire_date": "2018-10-25T11:58:12.818Z"}}, {"model": "sessions.session", "pk": "ftvrkalrl0o3wfrq3j0tfh9tvg1opnpx", "fields": {"session_data": "Yjc4ODhjM2ZhMzBhMDY0ZjYwNjQ4ODY4ZDVjNmFhMmQ4OGQxMjhlYTp7Il9hdXRoX3VzZXJfaWQiOiIxIiwiX2F1dGhfdXNlcl9iYWNrZW5kIjoiZGphbmdvLmNvbnRyaWIuYXV0aC5iYWNrZW5kcy5Nb2RlbEJhY2tlbmQiLCJfYXV0aF91c2VyX2hhc2giOiIyNjY3ZDQ4NWE4OTg0MmZhZTk3ZDY0ZTEzOGJmZmU0NTdiZTM2YTJmIn0=", "expire_date": "2018-09-18T16:36:14.493Z"}}, {"model": "sessions.session", "pk": "g2j0jq9v9wl7di40fw5u7oa8mmhksalu", "fields": {"session_data": "MzZlMjZmYmU5M2M0MmI2ODE5MmYzOTdlNzUwOTdmMDdkMWY4N2YxZDp7fQ==", "expire_date": "2018-10-26T18:28:29.461Z"}}, {"model": "sessions.session", "pk": "g3apfte3j71urwousyx3jc0raj1zc78o", "fields": {"session_data": "MDdiZTZmZGU5OTc2NzA4NjY2MDhmNTRhZmY4OTJhOThjOWM3OGRhYTp7Il9hdXRoX3VzZXJfaWQiOiIxIiwiX2F1dGhfdXNlcl9iYWNrZW5kIjoiZGphbmdvLmNvbnRyaWIuYXV0aC5iYWNrZW5kcy5Nb2RlbEJhY2tlbmQiLCJfYXV0aF91c2VyX2hhc2giOiIyNTRkNDM5ZDczYmU5NDMyMTBkYjJlNWM0MzY0MjNiNjcxYTZkMTg2In0=", "expire_date": "2018-10-23T13:47:02.130Z"}}, {"model": "sessions.session", "pk": "inen5bvls37y10kzgtp92nv1eac1nip1", "fields": {"session_data": "MDdiZTZmZGU5OTc2NzA4NjY2MDhmNTRhZmY4OTJhOThjOWM3OGRhYTp7Il9hdXRoX3VzZXJfaWQiOiIxIiwiX2F1dGhfdXNlcl9iYWNrZW5kIjoiZGphbmdvLmNvbnRyaWIuYXV0aC5iYWNrZW5kcy5Nb2RlbEJhY2tlbmQiLCJfYXV0aF91c2VyX2hhc2giOiIyNTRkNDM5ZDczYmU5NDMyMTBkYjJlNWM0MzY0MjNiNjcxYTZkMTg2In0=", "expire_date": "2018-10-22T11:59:00.755Z"}}, {"model": "sessions.session", "pk": "j9fo0vcr03czeh5z89adzrwwqtrpo1qu", "fields": {"session_data": "MzZlMjZmYmU5M2M0MmI2ODE5MmYzOTdlNzUwOTdmMDdkMWY4N2YxZDp7fQ==", "expire_date": "2018-10-24T08:53:07.003Z"}}, {"model": "sessions.session", "pk": "kjekfwe4e3tknckvw0u6rx5uejutnqeh", "fields": {"session_data": "Yjc4ODhjM2ZhMzBhMDY0ZjYwNjQ4ODY4ZDVjNmFhMmQ4OGQxMjhlYTp7Il9hdXRoX3VzZXJfaWQiOiIxIiwiX2F1dGhfdXNlcl9iYWNrZW5kIjoiZGphbmdvLmNvbnRyaWIuYXV0aC5iYWNrZW5kcy5Nb2RlbEJhY2tlbmQiLCJfYXV0aF91c2VyX2hhc2giOiIyNjY3ZDQ4NWE4OTg0MmZhZTk3ZDY0ZTEzOGJmZmU0NTdiZTM2YTJmIn0=", "expire_date": "2018-08-07T13:08:18.884Z"}}, {"model": "sessions.session", "pk": "lhk2oo4x8sn484nislw850pa2d8mgjma", "fields": {"session_data": "MzZlMjZmYmU5M2M0MmI2ODE5MmYzOTdlNzUwOTdmMDdkMWY4N2YxZDp7fQ==", "expire_date": "2018-10-24T09:05:15.197Z"}}, {"model": "sessions.session", "pk": "p4xlbl20gcbxmnxnlo0nvxhbkuz6h86r", "fields": {"session_data": "MzZlMjZmYmU5M2M0MmI2ODE5MmYzOTdlNzUwOTdmMDdkMWY4N2YxZDp7fQ==", "expire_date": "2018-10-24T08:51:00.455Z"}}, {"model": "sessions.session", "pk": "toz0ew0wt1i1esze8i4b0d51g2iz30di", "fields": {"session_data": "NDNiMmJkMTlhODZlODU2NWY2NmNjZTc5NTg4YzUzYWNjNDEyYjFmOTp7Il9hdXRoX3VzZXJfaWQiOiIxIiwiX2F1dGhfdXNlcl9iYWNrZW5kIjoiZGphbmdvLmNvbnRyaWIuYXV0aC5iYWNrZW5kcy5Nb2RlbEJhY2tlbmQiLCJfYXV0aF91c2VyX2hhc2giOiI5Y2NhYTYwYzNhODVhMTNmODJkMjM5NDgwZGVjN2MyODVhMjM2NmUxIn0=", "expire_date": "2018-10-26T20:33:28.072Z"}}, {"model": "sessions.session", "pk": "w7yys181cbhz2ult9naviiiwpvfs4rjv", "fields": {"session_data": "Yjc4ODhjM2ZhMzBhMDY0ZjYwNjQ4ODY4ZDVjNmFhMmQ4OGQxMjhlYTp7Il9hdXRoX3VzZXJfaWQiOiIxIiwiX2F1dGhfdXNlcl9iYWNrZW5kIjoiZGphbmdvLmNvbnRyaWIuYXV0aC5iYWNrZW5kcy5Nb2RlbEJhY2tlbmQiLCJfYXV0aF91c2VyX2hhc2giOiIyNjY3ZDQ4NWE4OTg0MmZhZTk3ZDY0ZTEzOGJmZmU0NTdiZTM2YTJmIn0=", "expire_date": "2018-07-16T15:09:01.706Z"}}, {"model": "sessions.session", "pk": "w9yalb2e3b1vtm7ru5e4d34l85g5bbd5", "fields": {"session_data": "MzZlMjZmYmU5M2M0MmI2ODE5MmYzOTdlNzUwOTdmMDdkMWY4N2YxZDp7fQ==", "expire_date": "2018-10-24T16:14:40.864Z"}}, {"model": "sessions.session", "pk": "wjlwrebmd0u733fu3m1hg3tw0vyliofq", "fields": {"session_data": "MzZlMjZmYmU5M2M0MmI2ODE5MmYzOTdlNzUwOTdmMDdkMWY4N2YxZDp7fQ==", "expire_date": "2018-10-26T18:50:50.368Z"}}, {"model": "sessions.session", "pk": "xlg5z9kk7tdft05gv3nv701zix3n8jov", "fields": {"session_data": "MzZlMjZmYmU5M2M0MmI2ODE5MmYzOTdlNzUwOTdmMDdkMWY4N2YxZDp7fQ==", "expire_date": "2018-10-24T08:45:38.810Z"}}, {"model": "sessions.session", "pk": "yi1sm4eakblw44cmyh96uob1xjphorjr", "fields": {"session_data": "Yjc4ODhjM2ZhMzBhMDY0ZjYwNjQ4ODY4ZDVjNmFhMmQ4OGQxMjhlYTp7Il9hdXRoX3VzZXJfaWQiOiIxIiwiX2F1dGhfdXNlcl9iYWNrZW5kIjoiZGphbmdvLmNvbnRyaWIuYXV0aC5iYWNrZW5kcy5Nb2RlbEJhY2tlbmQiLCJfYXV0aF91c2VyX2hhc2giOiIyNjY3ZDQ4NWE4OTg0MmZhZTk3ZDY0ZTEzOGJmZmU0NTdiZTM2YTJmIn0=", "expire_date": "2018-06-03T21:06:29.762Z"}}, {"model": "sessions.session", "pk": "ykebmgvnbajt5zskox92ilbj2fuu4jra", "fields": {"session_data": "MzZlMjZmYmU5M2M0MmI2ODE5MmYzOTdlNzUwOTdmMDdkMWY4N2YxZDp7fQ==", "expire_date": "2018-10-25T17:46:58.822Z"}}, {"model": "sessions.session", "pk": "yso6lrhbexeurklt233pjz4478i1c22q", "fields": {"session_data": "MzZlMjZmYmU5M2M0MmI2ODE5MmYzOTdlNzUwOTdmMDdkMWY4N2YxZDp7fQ==", "expire_date": "2018-10-25T17:43:54.136Z"}}, {"model": "sessions.session", "pk": "z9ufx8wlwtyt0zqo681y4ad16jr4y0b2", "fields": {"session_data": "MzZlMjZmYmU5M2M0MmI2ODE5MmYzOTdlNzUwOTdmMDdkMWY4N2YxZDp7fQ==", "expire_date": "2018-10-26T18:50:31.576Z"}}, {"model": "sessions.session", "pk": "zcbhk01yofn4yleuznj0m3gvd9esxpdi", "fields": {"session_data": "MDdiZTZmZGU5OTc2NzA4NjY2MDhmNTRhZmY4OTJhOThjOWM3OGRhYTp7Il9hdXRoX3VzZXJfaWQiOiIxIiwiX2F1dGhfdXNlcl9iYWNrZW5kIjoiZGphbmdvLmNvbnRyaWIuYXV0aC5iYWNrZW5kcy5Nb2RlbEJhY2tlbmQiLCJfYXV0aF91c2VyX2hhc2giOiIyNTRkNDM5ZDczYmU5NDMyMTBkYjJlNWM0MzY0MjNiNjcxYTZkMTg2In0=", "expire_date": "2018-10-18T16:14:04.926Z"}}, {"model": "sessions.session", "pk": "zdbphr7n4l115b380c69k2d5elh3lsx0", "fields": {"session_data": "MDdiZTZmZGU5OTc2NzA4NjY2MDhmNTRhZmY4OTJhOThjOWM3OGRhYTp7Il9hdXRoX3VzZXJfaWQiOiIxIiwiX2F1dGhfdXNlcl9iYWNrZW5kIjoiZGphbmdvLmNvbnRyaWIuYXV0aC5iYWNrZW5kcy5Nb2RlbEJhY2tlbmQiLCJfYXV0aF91c2VyX2hhc2giOiIyNTRkNDM5ZDczYmU5NDMyMTBkYjJlNWM0MzY0MjNiNjcxYTZkMTg2In0=", "expire_date": "2018-10-23T16:08:41.344Z"}}, {"model": "sites.site", "pk": 1, "fields": {"domain": "localhost:8000", "name": "Petrosyan Jewelry"}}, {"model": "landing.subscriber", "pk": 1, "fields": {"email": "kirill@i.ua", "name": "kirill"}}, {"model": "landing.subscriber", "pk": 2, "fields": {"email": "pospolitaki@gmail.com", "name": "kiki"}}, {"model": "landing.subscriber", "pk": 6, "fields": {"email": "test@gmail.com", "name": "kirill"}}, {"model": "landing.subscriber", "pk": 7, "fields": {"email": "try@gmail.com", "name": "k"}}, {"model": "product.category", "pk": 1, "fields": {"name": "\u0411\u0440\u0430\u0441\u043b\u0435\u0442\u044b \u043a\u043e\u0436\u0430\u043d\u044b\u0435", "is_active": true}}, {"model": "product.category", "pk": 2, "fields": {"name": "\u041f\u043e\u0434\u0432\u0435\u0441\u043a\u0438", "is_active": true}}, {"model": "product.category", "pk": 3, "fields": {"name": "\u0417\u0430\u043f\u043e\u043d\u043a\u0438", "is_active": true}}, {"model": "product.category", "pk": 4, "fields": {"name": "\u041a\u043e\u043b\u044c\u0446\u0430", "is_active": true}}, {"model": "product.category", "pk": 5, "fields": {"name": "\u0421\u0435\u0440\u044c\u0433\u0438", "is_active": true}}, {"model": "product.category", "pk": 6, "fields": {"name": "\u0414\u043b\u044f \u0434\u0435\u0442\u0435\u0439", "is_active": true}}, {"model": "product.category", "pk": 7, "fields": {"name": "\u0411\u0440\u0430\u0441\u043b\u0435\u0442\u044b \u0438\u0437 \u043d\u0430\u0442\u0443\u0440\u0430\u043b\u044c\u043d\u044b\u0445 \u043a\u0430\u043c\u043d\u0435\u0439", "is_active": true}}, {"model": "product.category", "pk": 8, "fields": {"name": "\u0411\u0440\u0430\u0441\u043b\u0435\u0442\u044b \u0441\u0435\u0440\u0435\u0431\u0440\u044f\u043d\u044b\u0435 \u0438 \u0437\u043e\u043b\u043e\u0442\u044b\u0435", "is_active": true}}, {"model": "product.product", "pk": 5, "fields": {"name": "\u041f\u043b\u0435\u0442\u0435\u043d\u044b\u0439 \u043a\u043e\u0436\u0430\u043d\u044b\u0439 \u0431\u0440\u0430\u0441\u043b\u0435\u0442 \u0441\u043e \u0432\u0441\u0442\u0430\u0432\u043a\u043e\u0439 \u0438\u0437 \u043d\u0435\u0440\u0436\u0430\u0432\u0435\u044e\u0449\u0435\u0439 \u0441\u0442\u0430\u043b\u0438", "is_active": true, "discount": 0, "category": 1, "price": "15.00", "short_description": "", "description": "", "created": "2018-08-02T22:10:28.617Z", "updated": "2018-08-06T18:47:00.702Z"}}, {"model": "product.product", "pk": 6, "fields": {"name": "\u0421\u0435\u0440\u0435\u0431\u0440\u044f\u043d\u044b\u0439 \u0431\u0440\u0430\u0441\u043b\u0435\u0442 \u043d\u0430 \u043d\u0438\u0442\u0438", "is_active": true, "discount": 0, "category": 8, "price": "20.00", "short_description": "", "description": "", "created": "2018-08-06T17:59:43.303Z", "updated": "2018-08-06T17:59:43.303Z"}}, {"model": "product.product", "pk": 7, "fields": {"name": "\u0411\u0440\u0430\u0441\u043b\u0435\u0442 \u0438\u0437 \u043b\u0430\u0432\u044b \u0441 \u0441\u0435\u0440\u0435\u0431\u0440\u044f\u043d\u043e\u0439 \u0432\u0441\u0442\u0430\u0432\u043a\u043e\u0439 \u0438 \u0433\u0440\u0430\u0432\u0438\u0440\u043e\u0432\u043a\u043e\u0439", "is_active": true, "discount": 0, "category": 7, "price": "10.00", "short_description": "", "description": "", "created": "2018-08-06T18:48:17.482Z", "updated": "2018-08-11T16:50:41.440Z"}}, {"model": "product.product", "pk": 8, "fields": {"name": "\u0421\u0435\u0440\u0435\u0431\u0440\u044f\u043d\u044b\u0439 \u0431\u0440\u0430\u0441\u043b\u0435\u0442 \u043d\u0430 \u043d\u0438\u0442\u0438", "is_active": true, "discount": 0, "category": 6, "price": "10.00", "short_description": "", "description": "", "created": "2018-08-06T18:54:59.000Z", "updated": "2018-08-06T19:01:45.924Z"}}, {"model": "product.product", "pk": 9, "fields": {"name": "\u0421\u0435\u0440\u0435\u0431\u0440\u044f\u043d\u044b\u0439 \u0431\u0440\u0430\u0441\u043b\u0435\u0442 \u043d\u0430 \u043d\u0438\u0442\u0438", "is_active": true, "discount": 0, "category": 6, "price": "7.00", "short_description": "", "description": "", "created": "2018-08-06T18:55:44.427Z", "updated": "2018-08-06T19:01:37.889Z"}}, {"model": "product.product", "pk": 10, "fields": {"name": "\u0421\u0435\u0440\u0435\u0431\u0440\u044f\u043d\u044b\u0439 \u0431\u0440\u0430\u0441\u043b\u0435\u0442 \u043d\u0430 \u043d\u0438\u0442\u0438", "is_active": true, "discount": 0, "category": 6, "price": "12.00", "short_description": "", "description": "", "created": "2018-08-06T18:56:08.543Z", "updated": "2018-08-06T19:01:29.221Z"}}, {"model": "product.product", "pk": 11, "fields": {"name": "\u041a\u043e\u043b\u044c\u0446\u043e \u0434\u043b\u044f \u043f\u043e\u043c\u043e\u043b\u0432\u043a\u0438 \u0438\u0437 \u0431\u0435\u043b\u043e\u0433\u043e \u0437\u043e\u043b\u043e\u0442\u0430", "is_active": true, "discount": 0, "category": 4, "price": "15.00", "short_description": "", "description": "", "created": "2018-08-06T18:58:57.755Z", "updated": "2018-08-06T19:12:29.890Z"}}, {"model": "product.product", "pk": 12, "fields": {"name": "\u0421\u0435\u0440\u0435\u0431\u0440\u044f\u043d\u0430\u044f \u043f\u043e\u0434\u0432\u0435\u0441\u043a\u0430 \u0441 \u043f\u0435\u0440\u0441\u043e\u043d\u0438\u0444\u0438\u0446\u0438\u0440\u043e\u0432\u0430\u043d\u043d\u043e\u0439 \u0433\u0440\u0430\u0432\u0438\u0440\u043e\u0432\u043a\u043e\u0439", "is_active": true, "discount": 0, "category": 2, "price": "30.00", "short_description": "", "description": "", "created": "2018-08-06T19:09:33.126Z", "updated": "2018-08-06T19:09:33.126Z"}}, {"model": "product.product", "pk": 13, "fields": {"name": "\u0421\u0435\u0440\u044c\u0433\u0438 \u0441 \u044f\u043d\u0442\u0430\u0440\u0435\u043c \u0432 \u0441\u0435\u0440\u0435\u0431\u0440\u0435", "is_active": true, "discount": 0, "category": 5, "price": "18.00", "short_description": "", "description": "", "created": "2018-08-06T19:12:11.414Z", "updated": "2018-08-06T19:12:11.414Z"}}, {"model": "product.product", "pk": 14, "fields": {"name": "\u0411\u0430\u0441\u043b\u0435\u0442 \u0438\u0437 \u043b\u0430\u0432\u044b \u0441 \u0441\u0435\u0440\u0435\u0431\u0440\u044f\u043d\u044b\u043c \u043a\u0440\u0435\u0441\u0442\u043e\u043c", "is_active": true, "discount": 10, "category": 7, "price": "15.00", "short_description": "", "description": "", "created": "2018-08-11T16:49:12.244Z", "updated": "2018-10-09T16:08:47.324Z"}}, {"model": "product.product", "pk": 15, "fields": {"name": "\u041f\u043b\u0435\u0442\u0435\u043d\u044b\u0439 \u043a\u043e\u0436\u0430\u043d\u044b\u0439 \u0431\u0440\u0430\u0441\u043b\u0435\u0442 \u0441\u043e \u0432\u0441\u0442\u0430\u0432\u043a\u043e\u0439 \u0438\u0437 \u043d\u0435\u0440\u0436\u0430\u0432\u0435\u044e\u0449\u0435\u0439 \u0441\u0442\u0430\u043b\u0438", "is_active": true, "discount": 30, "category": 1, "price": "20.00", "short_description": "", "description": "", "created": "2018-09-06T13:14:40.175Z", "updated": "2018-10-09T13:47:14.042Z"}}, {"model": "product.productimage", "pk": 8, "fields": {"product": 5, "image": "product_images/IMG_1291.JPG", "is_main": true, "is_active": true, "created": "2018-08-02T22:10:28.624Z", "updated": "2018-08-02T22:11:40.932Z"}}, {"model": "product.productimage", "pk": 9, "fields": {"product": 5, "image": "product_images/IMG_1322.JPG", "is_main": false, "is_active": true, "created": "2018-08-02T22:10:28.627Z", "updated": "2018-08-02T22:10:28.627Z"}}, {"model": "product.productimage", "pk": 10, "fields": {"product": 5, "image": "product_images/IMG_1323.JPG", "is_main": false, "is_active": true, "created": "2018-08-02T22:10:28.631Z", "updated": "2018-08-02T22:10:28.631Z"}}, {"model": "product.productimage", "pk": 11, "fields": {"product": 6, "image": "product_images/IMG_2061.JPG", "is_main": true, "is_active": true, "created": "2018-08-06T17:59:43.316Z", "updated": "2018-08-06T17:59:43.316Z"}}, {"model": "product.productimage", "pk": 12, "fields": {"product": 6, "image": "product_images/IMG_2079.JPG", "is_main": false, "is_active": true, "created": "2018-08-06T17:59:43.323Z", "updated": "2018-08-06T17:59:43.324Z"}}, {"model": "product.productimage", "pk": 13, "fields": {"product": 6, "image": "product_images/IMG_2082.JPG", "is_main": false, "is_active": true, "created": "2018-08-06T17:59:43.329Z", "updated": "2018-08-06T17:59:43.329Z"}}, {"model": "product.productimage", "pk": 14, "fields": {"product": 6, "image": "product_images/IMG_2092.JPG", "is_main": false, "is_active": true, "created": "2018-08-06T17:59:43.335Z", "updated": "2018-08-06T17:59:43.335Z"}}, {"model": "product.productimage", "pk": 15, "fields": {"product": 7, "image": "product_images/IMG_1917.JPG", "is_main": true, "is_active": true, "created": "2018-08-06T18:48:17.490Z", "updated": "2018-08-06T18:48:17.490Z"}}, {"model": "product.productimage", "pk": 16, "fields": {"product": 7, "image": "product_images/IMG_1922.JPG", "is_main": false, "is_active": true, "created": "2018-08-06T18:48:17.499Z", "updated": "2018-08-06T18:48:17.499Z"}}, {"model": "product.productimage", "pk": 17, "fields": {"product": 8, "image": "product_images/IMG_0158.JPG", "is_main": true, "is_active": true, "created": "2018-08-06T18:54:59.013Z", "updated": "2018-08-06T19:01:45.928Z"}}, {"model": "product.productimage", "pk": 18, "fields": {"product": 9, "image": "product_images/IMG_0177.JPG", "is_main": true, "is_active": true, "created": "2018-08-06T18:55:44.443Z", "updated": "2018-08-06T19:01:37.893Z"}}, {"model": "product.productimage", "pk": 19, "fields": {"product": 10, "image": "product_images/IMG_1371.JPG", "is_main": true, "is_active": true, "created": "2018-08-06T18:56:08.548Z", "updated": "2018-08-06T19:01:29.227Z"}}, {"model": "product.productimage", "pk": 20, "fields": {"product": 11, "image": "product_images/IMG_0967.JPG", "is_main": true, "is_active": true, "created": "2018-08-06T18:58:57.763Z", "updated": "2018-08-06T18:58:57.763Z"}}, {"model": "product.productimage", "pk": 21, "fields": {"product": 11, "image": "product_images/IMG_1008.JPG", "is_main": false, "is_active": true, "created": "2018-08-06T18:58:57.766Z", "updated": "2018-08-06T18:58:57.766Z"}}, {"model": "product.productimage", "pk": 22, "fields": {"product": 11, "image": "product_images/IMG_1022.JPG", "is_main": false, "is_active": true, "created": "2018-08-06T18:58:57.769Z", "updated": "2018-08-06T18:58:57.770Z"}}, {"model": "product.productimage", "pk": 23, "fields": {"product": 12, "image": "product_images/IMG_1252.JPG", "is_main": true, "is_active": true, "created": "2018-08-06T19:09:33.134Z", "updated": "2018-08-06T19:09:33.134Z"}}, {"model": "product.productimage", "pk": 24, "fields": {"product": 12, "image": "product_images/IMG_1253.JPG", "is_main": false, "is_active": true, "created": "2018-08-06T19:09:33.138Z", "updated": "2018-08-06T19:09:33.138Z"}}, {"model": "product.productimage", "pk": 25, "fields": {"product": 12, "image": "product_images/IMG_1254.JPG", "is_main": false, "is_active": true, "created": "2018-08-06T19:09:33.141Z", "updated": "2018-08-06T19:09:33.141Z"}}, {"model": "product.productimage", "pk": 26, "fields": {"product": 13, "image": "product_images/IMG_1414.JPG", "is_main": false, "is_active": true, "created": "2018-08-06T19:12:11.424Z", "updated": "2018-08-06T19:12:11.424Z"}}, {"model": "product.productimage", "pk": 27, "fields": {"product": 13, "image": "product_images/IMG_1418.JPG", "is_main": false, "is_active": true, "created": "2018-08-06T19:12:11.431Z", "updated": "2018-08-06T19:12:11.431Z"}}, {"model": "product.productimage", "pk": 28, "fields": {"product": 13, "image": "product_images/IMG_1421.JPG", "is_main": false, "is_active": true, "created": "2018-08-06T19:12:11.439Z", "updated": "2018-08-06T19:12:11.440Z"}}, {"model": "product.productimage", "pk": 29, "fields": {"product": 14, "image": "product_images/IMG_2096.JPG", "is_main": true, "is_active": true, "created": "2018-08-11T16:49:12.250Z", "updated": "2018-08-11T16:49:12.250Z"}}, {"model": "product.productimage", "pk": 30, "fields": {"product": 14, "image": "product_images/IMG_2108.JPG", "is_main": false, "is_active": true, "created": "2018-08-11T16:49:12.255Z", "updated": "2018-08-11T16:49:12.255Z"}}, {"model": "product.productimage", "pk": 31, "fields": {"product": 15, "image": "product_images/IMG_0061.JPG", "is_main": true, "is_active": true, "created": "2018-09-06T13:14:40.190Z", "updated": "2018-09-06T13:14:40.190Z"}}, {"model": "product.productimage", "pk": 32, "fields": {"product": 15, "image": "product_images/IMG_0070.JPG", "is_main": false, "is_active": true, "created": "2018-09-06T13:14:40.206Z", "updated": "2018-09-06T13:14:40.206Z"}}, {"model": "product.productimage", "pk": 33, "fields": {"product": 15, "image": "product_images/IMG_0082.JPG", "is_main": false, "is_active": true, "created": "2018-09-06T13:14:40.217Z", "updated": "2018-09-06T13:14:40.217Z"}}, {"model": "order.status", "pk": 1, "fields": {"name": "\u041d\u043e\u0432\u044b\u0439", "is_active": true, "updated": "2018-05-24T21:21:42.767Z", "created": "2018-05-24T21:21:42.767Z"}}, {"model": "order.status", "pk": 2, "fields": {"name": "\u0412 \u0440\u0430\u0431\u043e\u0442\u0435", "is_active": true, "updated": "2018-05-24T21:21:54.761Z", "created": "2018-05-24T21:21:54.761Z"}}, {"model": "order.status", "pk": 3, "fields": {"name": "\u041e\u0442\u043c\u0435\u043d\u0435\u043d", "is_active": true, "updated": "2018-05-24T21:22:09.170Z", "created": "2018-05-24T21:22:09.170Z"}}, {"model": "order.status", "pk": 4, "fields": {"name": "\u0412\u044b\u043f\u043e\u043b\u043d\u0435\u043d", "is_active": true, "updated": "2018-05-24T21:22:19.629Z", "created": "2018-05-24T21:22:19.629Z"}}, {"model": "order.order", "pk": 1, "fields": {"customer_email": "k@gmail.com", "customer_name": "kirill", "customer_phone": "25269", "customer_adress": null, "total_price": "0.00", "comment": "", "status": 1, "updated": "2018-05-24T21:32:59.146Z", "created": "2018-05-24T21:22:40.191Z"}}, {"model": "order.order", "pk": 2, "fields": {"customer_email": "k@gmail.com", "customer_name": "kirilos", "customer_phone": "", "customer_adress": "", "total_price": "500.00", "comment": "", "status": 1, "updated": "2018-05-25T21:26:04.473Z", "created": "2018-05-25T21:26:04.465Z"}}, {"model": "order.order", "pk": 3, "fields": {"customer_email": "", "customer_name": "\u0410\u043d\u044f", "customer_phone": "", "customer_adress": "", "total_price": "850.00", "comment": "", "status": 1, "updated": "2018-05-25T21:32:03.166Z", "created": "2018-05-25T21:32:03.155Z"}}, {"model": "socialaccount.socialapp", "pk": 2, "fields": {"provider": "facebook", "name": "FB App", "client_id": "313161422818925", "secret": "9bee1d240303df92e2dc296b5d09f0f5", "key": "", "sites": [1]}}, {"model": "auth.permission", "pk": 1, "fields": {"name": "Can add log entry", "content_type": 1, "codename": "add_logentry"}}, {"model": "auth.permission", "pk": 2, "fields": {"name": "Can change log entry", "content_type": 1, "codename": "change_logentry"}}, {"model": "auth.permission", "pk": 3, "fields": {"name": "Can delete log entry", "content_type": 1, "codename": "delete_logentry"}}, {"model": "auth.permission", "pk": 4, "fields": {"name": "Can add permission", "content_type": 2, "codename": "add_permission"}}, {"model": "auth.permission", "pk": 5, "fields": {"name": "Can change permission", "content_type": 2, "codename": "change_permission"}}, {"model": "auth.permission", "pk": 6, "fields": {"name": "Can delete permission", "content_type": 2, "codename": "delete_permission"}}, {"model": "auth.permission", "pk": 7, "fields": {"name": "Can add user", "content_type": 3, "codename": "add_user"}}, {"model": "auth.permission", "pk": 8, "fields": {"name": "Can change user", "content_type": 3, "codename": "change_user"}}, {"model": "auth.permission", "pk": 9, "fields": {"name": "Can delete user", "content_type": 3, "codename": "delete_user"}}, {"model": "auth.permission", "pk": 10, "fields": {"name": "Can add group", "content_type": 4, "codename": "add_group"}}, {"model": "auth.permission", "pk": 11, "fields": {"name": "Can change group", "content_type": 4, "codename": "change_group"}}, {"model": "auth.permission", "pk": 12, "fields": {"name": "Can delete group", "content_type": 4, "codename": "delete_group"}}, {"model": "auth.permission", "pk": 13, "fields": {"name": "Can add content type", "content_type": 5, "codename": "add_contenttype"}}, {"model": "auth.permission", "pk": 14, "fields": {"name": "Can change content type", "content_type": 5, "codename": "change_contenttype"}}, {"model": "auth.permission", "pk": 15, "fields": {"name": "Can delete content type", "content_type": 5, "codename": "delete_contenttype"}}, {"model": "auth.permission", "pk": 16, "fields": {"name": "Can add session", "content_type": 6, "codename": "add_session"}}, {"model": "auth.permission", "pk": 17, "fields": {"name": "Can change session", "content_type": 6, "codename": "change_session"}}, {"model": "auth.permission", "pk": 18, "fields": {"name": "Can delete session", "content_type": 6, "codename": "delete_session"}}, {"model": "auth.permission", "pk": 19, "fields": {"name": "Can add subscribers", "content_type": 7, "codename": "add_subscribers"}}, {"model": "auth.permission", "pk": 20, "fields": {"name": "Can change subscribers", "content_type": 7, "codename": "change_subscribers"}}, {"model": "auth.permission", "pk": 21, "fields": {"name": "Can delete subscribers", "content_type": 7, "codename": "delete_subscribers"}}, {"model": "auth.permission", "pk": 22, "fields": {"name": "Can add subscriber", "content_type": 8, "codename": "add_subscriber"}}, {"model": "auth.permission", "pk": 23, "fields": {"name": "Can change subscriber", "content_type": 8, "codename": "change_subscriber"}}, {"model": "auth.permission", "pk": 24, "fields": {"name": "Can delete subscriber", "content_type": 8, "codename": "delete_subscriber"}}, {"model": "auth.permission", "pk": 25, "fields": {"name": "Can add \u0424\u043e\u0442\u043e\u0433\u0440\u0430\u0444\u0438\u044f", "content_type": 9, "codename": "add_productimage"}}, {"model": "auth.permission", "pk": 26, "fields": {"name": "Can change \u0424\u043e\u0442\u043e\u0433\u0440\u0430\u0444\u0438\u044f", "content_type": 9, "codename": "change_productimage"}}, {"model": "auth.permission", "pk": 27, "fields": {"name": "Can delete \u0424\u043e\u0442\u043e\u0433\u0440\u0430\u0444\u0438\u044f", "content_type": 9, "codename": "delete_productimage"}}, {"model": "auth.permission", "pk": 28, "fields": {"name": "Can add \u0422\u043e\u0432\u0430\u0440", "content_type": 10, "codename": "add_product"}}, {"model": "auth.permission", "pk": 29, "fields": {"name": "Can change \u0422\u043e\u0432\u0430\u0440", "content_type": 10, "codename": "change_product"}}, {"model": "auth.permission", "pk": 30, "fields": {"name": "Can delete \u0422\u043e\u0432\u0430\u0440", "content_type": 10, "codename": "delete_product"}}, {"model": "auth.permission", "pk": 31, "fields": {"name": "Can add \u0417\u0430\u043a\u0430\u0437", "content_type": 11, "codename": "add_order"}}, {"model": "auth.permission", "pk": 32, "fields": {"name": "Can change \u0417\u0430\u043a\u0430\u0437", "content_type": 11, "codename": "change_order"}}, {"model": "auth.permission", "pk": 33, "fields": {"name": "Can delete \u0417\u0430\u043a\u0430\u0437", "content_type": 11, "codename": "delete_order"}}, {"model": "auth.permission", "pk": 34, "fields": {"name": "Can add \u0421\u0442\u0430\u0442\u0443\u0441", "content_type": 12, "codename": "add_status"}}, {"model": "auth.permission", "pk": 35, "fields": {"name": "Can change \u0421\u0442\u0430\u0442\u0443\u0441", "content_type": 12, "codename": "change_status"}}, {"model": "auth.permission", "pk": 36, "fields": {"name": "Can delete \u0421\u0442\u0430\u0442\u0443\u0441", "content_type": 12, "codename": "delete_status"}}, {"model": "auth.permission", "pk": 37, "fields": {"name": "Can add \u0422\u043e\u0432\u0430\u0440", "content_type": 13, "codename": "add_productinorder"}}, {"model": "auth.permission", "pk": 38, "fields": {"name": "Can change \u0422\u043e\u0432\u0430\u0440", "content_type": 13, "codename": "change_productinorder"}}, {"model": "auth.permission", "pk": 39, "fields": {"name": "Can delete \u0422\u043e\u0432\u0430\u0440", "content_type": 13, "codename": "delete_productinorder"}}, {"model": "auth.permission", "pk": 40, "fields": {"name": "Can add \u041a\u0430\u0442\u0435\u0433\u043e\u0440\u0438\u044f", "content_type": 14, "codename": "add_category"}}, {"model": "auth.permission", "pk": 41, "fields": {"name": "Can change \u041a\u0430\u0442\u0435\u0433\u043e\u0440\u0438\u044f", "content_type": 14, "codename": "change_category"}}, {"model": "auth.permission", "pk": 42, "fields": {"name": "Can delete \u041a\u0430\u0442\u0435\u0433\u043e\u0440\u0438\u044f", "content_type": 14, "codename": "delete_category"}}, {"model": "auth.permission", "pk": 43, "fields": {"name": "Can add \u0422\u043e\u0432\u0430\u0440 \u0432 \u043a\u043e\u0440\u0437\u0438\u043d\u0435", "content_type": 15, "codename": "add_productincart"}}, {"model": "auth.permission", "pk": 44, "fields": {"name": "Can change \u0422\u043e\u0432\u0430\u0440 \u0432 \u043a\u043e\u0440\u0437\u0438\u043d\u0435", "content_type": 15, "codename": "change_productincart"}}, {"model": "auth.permission", "pk": 45, "fields": {"name": "Can delete \u0422\u043e\u0432\u0430\u0440 \u0432 \u043a\u043e\u0440\u0437\u0438\u043d\u0435", "content_type": 15, "codename": "delete_productincart"}}, {"model": "auth.permission", "pk": 46, "fields": {"name": "Can add site", "content_type": 16, "codename": "add_site"}}, {"model": "auth.permission", "pk": 47, "fields": {"name": "Can change site", "content_type": 16, "codename": "change_site"}}, {"model": "auth.permission", "pk": 48, "fields": {"name": "Can delete site", "content_type": 16, "codename": "delete_site"}}, {"model": "auth.permission", "pk": 49, "fields": {"name": "Can add email address", "content_type": 17, "codename": "add_emailaddress"}}, {"model": "auth.permission", "pk": 50, "fields": {"name": "Can change email address", "content_type": 17, "codename": "change_emailaddress"}}, {"model": "auth.permission", "pk": 51, "fields": {"name": "Can delete email address", "content_type": 17, "codename": "delete_emailaddress"}}, {"model": "auth.permission", "pk": 52, "fields": {"name": "Can add email confirmation", "content_type": 18, "codename": "add_emailconfirmation"}}, {"model": "auth.permission", "pk": 53, "fields": {"name": "Can change email confirmation", "content_type": 18, "codename": "change_emailconfirmation"}}, {"model": "auth.permission", "pk": 54, "fields": {"name": "Can delete email confirmation", "content_type": 18, "codename": "delete_emailconfirmation"}}, {"model": "auth.permission", "pk": 55, "fields": {"name": "Can add social account", "content_type": 19, "codename": "add_socialaccount"}}, {"model": "auth.permission", "pk": 56, "fields": {"name": "Can change social account", "content_type": 19, "codename": "change_socialaccount"}}, {"model": "auth.permission", "pk": 57, "fields": {"name": "Can delete social account", "content_type": 19, "codename": "delete_socialaccount"}}, {"model": "auth.permission", "pk": 58, "fields": {"name": "Can add social application", "content_type": 20, "codename": "add_socialapp"}}, {"model": "auth.permission", "pk": 59, "fields": {"name": "Can change social application", "content_type": 20, "codename": "change_socialapp"}}, {"model": "auth.permission", "pk": 60, "fields": {"name": "Can delete social application", "content_type": 20, "codename": "delete_socialapp"}}, {"model": "auth.permission", "pk": 61, "fields": {"name": "Can add social application token", "content_type": 21, "codename": "add_socialtoken"}}, {"model": "auth.permission", "pk": 62, "fields": {"name": "Can change social application token", "content_type": 21, "codename": "change_socialtoken"}}, {"model": "auth.permission", "pk": 63, "fields": {"name": "Can delete social application token", "content_type": 21, "codename": "delete_socialtoken"}}, {"model": "auth.user", "pk": 1, "fields": {"password": "pbkdf2_sha256$36000$CoYprSD8B1U5$k7kgUl3M1+d24SDjH32weqg3zz2UWWa1RPA6UEpBlZc=", "last_login": "2018-10-14T18:48:03.998Z", "is_superuser": true, "username": "kirill", "first_name": "", "last_name": "", "email": "", "is_staff": true, "is_active": true, "date_joined": "2018-05-20T21:03:59.555Z", "groups": [], "user_permissions": []}}, {"model": "admin.logentry", "pk": 1, "fields": {"action_time": "2018-05-20T21:20:11.073Z", "user": 1, "content_type": 8, "object_id": "1", "object_repr": "Subscriber object", "action_flag": 1, "change_message": "[{\"added\": {}}]"}}, {"model": "admin.logentry", "pk": 2, "fields": {"action_time": "2018-05-21T21:31:01.544Z", "user": 1, "content_type": 8, "object_id": "5", "object_repr": "Subscriber object", "action_flag": 3, "change_message": ""}}, {"model": "admin.logentry", "pk": 3, "fields": {"action_time": "2018-05-21T21:31:01.556Z", "user": 1, "content_type": 8, "object_id": "4", "object_repr": "Subscriber object", "action_flag": 3, "change_message": ""}}, {"model": "admin.logentry", "pk": 4, "fields": {"action_time": "2018-05-21T21:31:01.565Z", "user": 1, "content_type": 8, "object_id": "3", "object_repr": "Subscriber object", "action_flag": 3, "change_message": ""}}, {"model": "admin.logentry", "pk": 5, "fields": {"action_time": "2018-05-24T20:28:15.660Z", "user": 1, "content_type": 10, "object_id": "1", "object_repr": "1:\u0411\u0440\u0430\u0441\u043b\u0435\u0442 \u043c\u0443\u0436\u0441\u043a\u043e\u0439", "action_flag": 1, "change_message": "[{\"added\": {}}]"}}, {"model": "admin.logentry", "pk": 6, "fields": {"action_time": "2018-05-24T20:34:01.405Z", "user": 1, "content_type": 9, "object_id": "1", "object_repr": "1", "action_flag": 1, "change_message": "[{\"added\": {}}]"}}, {"model": "admin.logentry", "pk": 7, "fields": {"action_time": "2018-05-24T20:34:27.738Z", "user": 1, "content_type": 9, "object_id": "1", "object_repr": "1", "action_flag": 3, "change_message": ""}}, {"model": "admin.logentry", "pk": 8, "fields": {"action_time": "2018-05-24T20:34:36.234Z", "user": 1, "content_type": 9, "object_id": "2", "object_repr": "2", "action_flag": 1, "change_message": "[{\"added\": {}}]"}}, {"model": "admin.logentry", "pk": 9, "fields": {"action_time": "2018-05-24T21:21:42.770Z", "user": 1, "content_type": 12, "object_id": "1", "object_repr": "\u0421\u0442\u0430\u0442\u0443\u0441:\u041d\u043e\u0432\u044b\u0439", "action_flag": 1, "change_message": "[{\"added\": {}}]"}}, {"model": "admin.logentry", "pk": 10, "fields": {"action_time": "2018-05-24T21:21:54.762Z", "user": 1, "content_type": 12, "object_id": "2", "object_repr": "\u0421\u0442\u0430\u0442\u0443\u0441:\u0412 \u0440\u0430\u0431\u043e\u0442\u0435", "action_flag": 1, "change_message": "[{\"added\": {}}]"}}, {"model": "admin.logentry", "pk": 11, "fields": {"action_time": "2018-05-24T21:22:09.172Z", "user": 1, "content_type": 12, "object_id": "3", "object_repr": "\u0421\u0442\u0430\u0442\u0443\u0441:\u041e\u0442\u043c\u0435\u043d\u0435\u043d", "action_flag": 1, "change_message": "[{\"added\": {}}]"}}, {"model": "admin.logentry", "pk": 12, "fields": {"action_time": "2018-05-24T21:22:19.631Z", "user": 1, "content_type": 12, "object_id": "4", "object_repr": "\u0421\u0442\u0430\u0442\u0443\u0441:\u0412\u044b\u043f\u043e\u043b\u043d\u0435\u043d", "action_flag": 1, "change_message": "[{\"added\": {}}]"}}, {"model": "admin.logentry", "pk": 13, "fields": {"action_time": "2018-05-24T21:22:40.193Z", "user": 1, "content_type": 11, "object_id": "1", "object_repr": "\u0417\u0430\u043a\u0430\u0437 1 : \u0421\u0442\u0430\u0442\u0443\u0441:\u041d\u043e\u0432\u044b\u0439", "action_flag": 1, "change_message": "[{\"added\": {}}]"}}, {"model": "admin.logentry", "pk": 14, "fields": {"action_time": "2018-05-24T21:32:59.151Z", "user": 1, "content_type": 11, "object_id": "1", "object_repr": "\u0417\u0430\u043a\u0430\u0437 1 : \u0421\u0442\u0430\u0442\u0443\u0441:\u041d\u043e\u0432\u044b\u0439", "action_flag": 2, "change_message": "[{\"added\": {\"name\": \"\\u0422\\u043e\\u0432\\u0430\\u0440\", \"object\": \"\\u0411\\u0440\\u0430\\u0441\\u043b\\u0435\\u0442 \\u043c\\u0443\\u0436\\u0441\\u043a\\u043e\\u0439\"}}]"}}, {"model": "admin.logentry", "pk": 15, "fields": {"action_time": "2018-05-25T20:21:29.513Z", "user": 1, "content_type": 10, "object_id": "1", "object_repr": "1:\u0411\u0440\u0430\u0441\u043b\u0435\u0442 \u043c\u0443\u0436\u0441\u043a\u043e\u0439", "action_flag": 2, "change_message": "[{\"changed\": {\"fields\": [\"price\"]}}]"}}, {"model": "admin.logentry", "pk": 16, "fields": {"action_time": "2018-05-25T20:26:28.761Z", "user": 1, "content_type": 10, "object_id": "1", "object_repr": "1:\u0411\u0440\u0430\u0441\u043b\u0435\u0442 \u043c\u0443\u0436\u0441\u043a\u043e\u0439", "action_flag": 2, "change_message": "[]"}}, {"model": "admin.logentry", "pk": 17, "fields": {"action_time": "2018-05-25T21:26:04.474Z", "user": 1, "content_type": 11, "object_id": "2", "object_repr": "\u0417\u0430\u043a\u0430\u0437 2 : \u0421\u0442\u0430\u0442\u0443\u0441:\u041d\u043e\u0432\u044b\u0439", "action_flag": 1, "change_message": "[{\"added\": {}}, {\"added\": {\"name\": \"\\u0422\\u043e\\u0432\\u0430\\u0440 \\u0432 \\u0437\\u0430\\u043a\\u0430\\u0437\\u0435\", \"object\": \"\\u0411\\u0440\\u0430\\u0441\\u043b\\u0435\\u0442 \\u043c\\u0443\\u0436\\u0441\\u043a\\u043e\\u0439\"}}]"}}, {"model": "admin.logentry", "pk": 18, "fields": {"action_time": "2018-05-25T21:30:58.091Z", "user": 1, "content_type": 10, "object_id": "2", "object_repr": "2:\u0411\u0440\u0430\u0441\u043b\u0435\u0442 \u0436\u0435\u043d\u0441\u043a\u0438\u0439", "action_flag": 1, "change_message": "[{\"added\": {}}, {\"added\": {\"name\": \"\\u0424\\u043e\\u0442\\u043e\\u0433\\u0440\\u0430\\u0444\\u0438\\u044f\", \"object\": \"3\"}}]"}}, {"model": "admin.logentry", "pk": 19, "fields": {"action_time": "2018-05-25T21:32:03.168Z", "user": 1, "content_type": 11, "object_id": "3", "object_repr": "\u0417\u0430\u043a\u0430\u0437 3 : \u0421\u0442\u0430\u0442\u0443\u0441:\u041d\u043e\u0432\u044b\u0439", "action_flag": 1, "change_message": "[{\"added\": {}}, {\"added\": {\"name\": \"\\u0422\\u043e\\u0432\\u0430\\u0440 \\u0432 \\u0437\\u0430\\u043a\\u0430\\u0437\\u0435\", \"object\": \"\\u0411\\u0440\\u0430\\u0441\\u043b\\u0435\\u0442 \\u0436\\u0435\\u043d\\u0441\\u043a\\u0438\\u0439\"}}, {\"added\": {\"name\": \"\\u0422\\u043e\\u0432\\u0430\\u0440 \\u0432 \\u0437\\u0430\\u043a\\u0430\\u0437\\u0435\", \"object\": \"\\u0411\\u0440\\u0430\\u0441\\u043b\\u0435\\u0442 \\u043c\\u0443\\u0436\\u0441\\u043a\\u043e\\u0439\"}}]"}}, {"model": "admin.logentry", "pk": 20, "fields": {"action_time": "2018-07-07T18:32:55.881Z", "user": 1, "content_type": 10, "object_id": "3", "object_repr": "\u0441\u0435\u0440\u0435\u0431\u0440\u044f\u043d\u043d\u043d\u044b\u0439 \u0431\u0440\u0430\u0441\u043b\u0435\u0442", "action_flag": 1, "change_message": "[{\"added\": {}}, {\"added\": {\"name\": \"\\u0424\\u043e\\u0442\\u043e\\u0433\\u0440\\u0430\\u0444\\u0438\\u044f\", \"object\": \"4\"}}]"}}, {"model": "admin.logentry", "pk": 21, "fields": {"action_time": "2018-07-07T18:36:08.792Z", "user": 1, "content_type": 10, "object_id": "4", "object_repr": "\u0417\u0430\u043f\u043e\u043d\u043a\u0438", "action_flag": 1, "change_message": "[{\"added\": {}}, {\"added\": {\"name\": \"\\u0424\\u043e\\u0442\\u043e\\u0433\\u0440\\u0430\\u0444\\u0438\\u044f\", \"object\": \"5\"}}]"}}, {"model": "admin.logentry", "pk": 22, "fields": {"action_time": "2018-07-07T18:36:42.114Z", "user": 1, "content_type": 10, "object_id": "2", "object_repr": "\u0411\u0440\u0430\u0441\u043b\u0435\u0442 \u0436\u0435\u043d\u0441\u043a\u0438\u0439", "action_flag": 2, "change_message": "[{\"changed\": {\"fields\": [\"description\"]}}, {\"deleted\": {\"name\": \"\\u0424\\u043e\\u0442\\u043e\\u0433\\u0440\\u0430\\u0444\\u0438\\u044f\", \"object\": \"None\"}}]"}}, {"model": "admin.logentry", "pk": 23, "fields": {"action_time": "2018-07-07T18:36:53.430Z", "user": 1, "content_type": 10, "object_id": "2", "object_repr": "\u0411\u0440\u0430\u0441\u043b\u0435\u0442 \u0436\u0435\u043d\u0441\u043a\u0438\u0439", "action_flag": 2, "change_message": "[{\"added\": {\"name\": \"\\u0424\\u043e\\u0442\\u043e\\u0433\\u0440\\u0430\\u0444\\u0438\\u044f\", \"object\": \"6\"}}]"}}, {"model": "admin.logentry", "pk": 24, "fields": {"action_time": "2018-07-07T18:37:00.659Z", "user": 1, "content_type": 10, "object_id": "2", "object_repr": "\u0411\u0440\u0430\u0441\u043b\u0435\u0442 \u0436\u0435\u043d\u0441\u043a\u0438\u0439", "action_flag": 2, "change_message": "[]"}}, {"model": "admin.logentry", "pk": 25, "fields": {"action_time": "2018-07-07T18:37:19.549Z", "user": 1, "content_type": 10, "object_id": "1", "object_repr": "\u0411\u0440\u0430\u0441\u043b\u0435\u0442 \u043c\u0443\u0436\u0441\u043a\u043e\u0439", "action_flag": 2, "change_message": "[{\"added\": {\"name\": \"\\u0424\\u043e\\u0442\\u043e\\u0433\\u0440\\u0430\\u0444\\u0438\\u044f\", \"object\": \"7\"}}, {\"deleted\": {\"name\": \"\\u0424\\u043e\\u0442\\u043e\\u0433\\u0440\\u0430\\u0444\\u0438\\u044f\", \"object\": \"None\"}}]"}}, {"model": "admin.logentry", "pk": 26, "fields": {"action_time": "2018-07-07T18:37:25.700Z", "user": 1, "content_type": 10, "object_id": "1", "object_repr": "\u0411\u0440\u0430\u0441\u043b\u0435\u0442 \u043c\u0443\u0436\u0441\u043a\u043e\u0439", "action_flag": 2, "change_message": "[]"}}, {"model": "admin.logentry", "pk": 27, "fields": {"action_time": "2018-07-07T18:38:42.660Z", "user": 1, "content_type": 10, "object_id": "3", "object_repr": "\u0411\u0440\u0430\u0441\u043b\u0435\u0442 \u0441\u0435\u0440\u0435\u0431\u0440\u044f\u043d\u043d\u044b\u0439.", "action_flag": 2, "change_message": "[{\"changed\": {\"fields\": [\"name\", \"description\"]}}]"}}, {"model": "admin.logentry", "pk": 28, "fields": {"action_time": "2018-07-07T18:39:12.371Z", "user": 1, "content_type": 10, "object_id": "3", "object_repr": "\u0411\u0440\u0430\u0441\u043b\u0435\u0442 \u0441\u0435\u0440\u0435\u0431\u0440\u044f\u043d\u043d\u044b\u0439", "action_flag": 2, "change_message": "[{\"changed\": {\"fields\": [\"name\"]}}]"}}, {"model": "admin.logentry", "pk": 29, "fields": {"action_time": "2018-07-07T18:39:59.070Z", "user": 1, "content_type": 10, "object_id": "4", "object_repr": "\u0417\u0430\u043f\u043e\u043d\u043a\u0438", "action_flag": 2, "change_message": "[{\"changed\": {\"fields\": [\"description\"]}}]"}}, {"model": "admin.logentry", "pk": 30, "fields": {"action_time": "2018-07-09T18:02:47.100Z", "user": 1, "content_type": 9, "object_id": "7", "object_repr": "7", "action_flag": 2, "change_message": "[{\"changed\": {\"fields\": [\"is_main\"]}}]"}}, {"model": "admin.logentry", "pk": 31, "fields": {"action_time": "2018-07-09T18:02:53.175Z", "user": 1, "content_type": 9, "object_id": "6", "object_repr": "6", "action_flag": 2, "change_message": "[{\"changed\": {\"fields\": [\"is_main\"]}}]"}}, {"model": "admin.logentry", "pk": 32, "fields": {"action_time": "2018-07-09T18:02:57.680Z", "user": 1, "content_type": 9, "object_id": "5", "object_repr": "5", "action_flag": 2, "change_message": "[{\"changed\": {\"fields\": [\"is_main\"]}}]"}}, {"model": "admin.logentry", "pk": 33, "fields": {"action_time": "2018-07-09T18:03:01.310Z", "user": 1, "content_type": 9, "object_id": "4", "object_repr": "4", "action_flag": 2, "change_message": "[{\"changed\": {\"fields\": [\"is_main\"]}}]"}}, {"model": "admin.logentry", "pk": 34, "fields": {"action_time": "2018-07-24T13:09:03.410Z", "user": 1, "content_type": 9, "object_id": "7", "object_repr": "7", "action_flag": 2, "change_message": "[]"}}, {"model": "admin.logentry", "pk": 35, "fields": {"action_time": "2018-07-27T20:20:00.191Z", "user": 1, "content_type": 14, "object_id": "1", "object_repr": "\u0411\u0440\u0430\u0441\u043b\u0435\u0442\u044b", "action_flag": 1, "change_message": "[{\"added\": {}}]"}}, {"model": "admin.logentry", "pk": 36, "fields": {"action_time": "2018-07-27T20:20:19.476Z", "user": 1, "content_type": 14, "object_id": "2", "object_repr": "\u041f\u043e\u0434\u0432\u0435\u0441\u043a\u0438", "action_flag": 1, "change_message": "[{\"added\": {}}]"}}, {"model": "admin.logentry", "pk": 37, "fields": {"action_time": "2018-07-27T20:20:33.459Z", "user": 1, "content_type": 14, "object_id": "3", "object_repr": "\u0417\u0430\u043f\u043e\u043d\u043a\u0438", "action_flag": 1, "change_message": "[{\"added\": {}}]"}}, {"model": "admin.logentry", "pk": 38, "fields": {"action_time": "2018-07-27T20:20:41.398Z", "user": 1, "content_type": 14, "object_id": "4", "object_repr": "\u041a\u043e\u043b\u044c\u0446\u0430", "action_flag": 1, "change_message": "[{\"added\": {}}]"}}, {"model": "admin.logentry", "pk": 39, "fields": {"action_time": "2018-07-27T20:20:45.512Z", "user": 1, "content_type": 14, "object_id": "5", "object_repr": "\u0421\u0435\u0440\u044c\u0433\u0438", "action_flag": 1, "change_message": "[{\"added\": {}}]"}}, {"model": "admin.logentry", "pk": 40, "fields": {"action_time": "2018-07-27T20:20:52.258Z", "user": 1, "content_type": 14, "object_id": "6", "object_repr": "\u0414\u043b\u044f \u0434\u0435\u0442\u0435\u0439", "action_flag": 1, "change_message": "[{\"added\": {}}]"}}, {"model": "admin.logentry", "pk": 41, "fields": {"action_time": "2018-07-27T20:35:22.062Z", "user": 1, "content_type": 14, "object_id": "7", "object_repr": "\u0411\u0440\u0430\u0441\u043b\u0435\u0442\u044b \u0438\u0437 \u043d\u0430\u0442\u0443\u0440\u0430\u043b\u044c\u043d\u044b\u0445 \u043a\u0430\u043c\u043d\u0435\u0439", "action_flag": 1, "change_message": "[{\"added\": {}}]"}}, {"model": "admin.logentry", "pk": 42, "fields": {"action_time": "2018-07-27T20:35:45.240Z", "user": 1, "content_type": 14, "object_id": "8", "object_repr": "\u0411\u0440\u0430\u0441\u043b\u0435\u0442\u044b \u0441\u0435\u0440\u0435\u0431\u0440\u044f\u043d\u043d\u044b\u0435 \u0438 \u0437\u043e\u043b\u043e\u0442\u044b\u0435", "action_flag": 1, "change_message": "[{\"added\": {}}]"}}, {"model": "admin.logentry", "pk": 43, "fields": {"action_time": "2018-07-27T20:41:38.715Z", "user": 1, "content_type": 14, "object_id": "1", "object_repr": "\u0411\u0440\u0430\u0441\u043b\u0435\u0442\u044b \u043a\u043e\u0436\u0430\u043d\u043d\u044b\u0435", "action_flag": 2, "change_message": "[{\"changed\": {\"fields\": [\"name\"]}}]"}}, {"model": "admin.logentry", "pk": 44, "fields": {"action_time": "2018-08-01T20:57:18.526Z", "user": 1, "content_type": 10, "object_id": "4", "object_repr": "\u0417\u0430\u043f\u043e\u043d\u043a\u0438", "action_flag": 2, "change_message": "[{\"changed\": {\"fields\": [\"category\"]}}]"}}, {"model": "admin.logentry", "pk": 45, "fields": {"action_time": "2018-08-01T20:57:18.540Z", "user": 1, "content_type": 10, "object_id": "3", "object_repr": "\u0411\u0440\u0430\u0441\u043b\u0435\u0442 \u0441\u0435\u0440\u0435\u0431\u0440\u044f\u043d\u043d\u044b\u0439", "action_flag": 2, "change_message": "[{\"changed\": {\"fields\": [\"category\"]}}]"}}, {"model": "admin.logentry", "pk": 46, "fields": {"action_time": "2018-08-01T20:57:18.556Z", "user": 1, "content_type": 10, "object_id": "2", "object_repr": "\u0411\u0440\u0430\u0441\u043b\u0435\u0442 \u0436\u0435\u043d\u0441\u043a\u0438\u0439", "action_flag": 2, "change_message": "[{\"changed\": {\"fields\": [\"category\"]}}]"}}, {"model": "admin.logentry", "pk": 47, "fields": {"action_time": "2018-08-01T20:57:18.568Z", "user": 1, "content_type": 10, "object_id": "1", "object_repr": "\u0411\u0440\u0430\u0441\u043b\u0435\u0442 \u043c\u0443\u0436\u0441\u043a\u043e\u0439", "action_flag": 2, "change_message": "[{\"changed\": {\"fields\": [\"category\"]}}]"}}, {"model": "admin.logentry", "pk": 48, "fields": {"action_time": "2018-08-02T14:16:02.834Z", "user": 1, "content_type": 14, "object_id": "1", "object_repr": "\u0411\u0440\u0430\u0441\u043b\u0435\u0442\u044b \u043a\u043e\u0436\u0430\u043d\u044b\u0435", "action_flag": 2, "change_message": "[{\"changed\": {\"fields\": [\"name\"]}}]"}}, {"model": "admin.logentry", "pk": 49, "fields": {"action_time": "2018-08-02T14:16:30.362Z", "user": 1, "content_type": 14, "object_id": "8", "object_repr": "\u0411\u0440\u0430\u0441\u043b\u0435\u0442\u044b \u0441\u0435\u0440\u0435\u0431\u0440\u044f\u043d\u044b\u0435 \u0438 \u0437\u043e\u043b\u043e\u0442\u044b\u0435", "action_flag": 2, "change_message": "[{\"changed\": {\"fields\": [\"name\"]}}]"}}, {"model": "admin.logentry", "pk": 50, "fields": {"action_time": "2018-08-02T22:10:28.632Z", "user": 1, "content_type": 10, "object_id": "5", "object_repr": "\u041f\u043b\u0435\u0442\u0435\u043d\u044b\u0439 \u043a\u043e\u0436\u0430\u043d\u044b\u0439 \u0431\u0440\u0430\u0441\u043b\u0435\u0442 \u0441\u043e \u0432\u0441\u0442\u0430\u0432\u043a\u043e\u0439 \u0438\u0437 \u043d\u0435\u0440\u0436\u0430\u0432\u0435\u044e\u0449\u0435\u0439 \u0441\u0442\u0430\u043b\u0438", "action_flag": 1, "change_message": "[{\"added\": {}}, {\"added\": {\"name\": \"\\u0424\\u043e\\u0442\\u043e\\u0433\\u0440\\u0430\\u0444\\u0438\\u044f\", \"object\": \"8\"}}, {\"added\": {\"name\": \"\\u0424\\u043e\\u0442\\u043e\\u0433\\u0440\\u0430\\u0444\\u0438\\u044f\", \"object\": \"9\"}}, {\"added\": {\"name\": \"\\u0424\\u043e\\u0442\\u043e\\u0433\\u0440\\u0430\\u0444\\u0438\\u044f\", \"object\": \"10\"}}]"}}, {"model": "admin.logentry", "pk": 51, "fields": {"action_time": "2018-08-02T22:11:40.935Z", "user": 1, "content_type": 10, "object_id": "5", "object_repr": "\u041f\u043b\u0435\u0442\u0435\u043d\u044b\u0439 \u043a\u043e\u0436\u0430\u043d\u044b\u0439 \u0431\u0440\u0430\u0441\u043b\u0435\u0442 \u0441\u043e \u0432\u0441\u0442\u0430\u0432\u043a\u043e\u0439 \u0438\u0437 \u043d\u0435\u0440\u0436\u0430\u0432\u0435\u044e\u0449\u0435\u0439 \u0441\u0442\u0430\u043b\u0438", "action_flag": 2, "change_message": "[{\"changed\": {\"name\": \"\\u0424\\u043e\\u0442\\u043e\\u0433\\u0440\\u0430\\u0444\\u0438\\u044f\", \"object\": \"8\", \"fields\": [\"is_main\"]}}]"}}, {"model": "admin.logentry", "pk": 52, "fields": {"action_time": "2018-08-06T17:59:43.336Z", "user": 1, "content_type": 10, "object_id": "6", "object_repr": "\u0421\u0435\u0440\u0435\u0431\u0440\u044f\u043d\u044b\u0439 \u0431\u0440\u0430\u0441\u043b\u0435\u0442 \u043d\u0430 \u043d\u0438\u0442\u0438", "action_flag": 1, "change_message": "[{\"added\": {}}, {\"added\": {\"name\": \"\\u0424\\u043e\\u0442\\u043e\\u0433\\u0440\\u0430\\u0444\\u0438\\u044f\", \"object\": \"11\"}}, {\"added\": {\"name\": \"\\u0424\\u043e\\u0442\\u043e\\u0433\\u0440\\u0430\\u0444\\u0438\\u044f\", \"object\": \"12\"}}, {\"added\": {\"name\": \"\\u0424\\u043e\\u0442\\u043e\\u0433\\u0440\\u0430\\u0444\\u0438\\u044f\", \"object\": \"13\"}}, {\"added\": {\"name\": \"\\u0424\\u043e\\u0442\\u043e\\u0433\\u0440\\u0430\\u0444\\u0438\\u044f\", \"object\": \"14\"}}]"}}, {"model": "admin.logentry", "pk": 53, "fields": {"action_time": "2018-08-06T18:26:31.991Z", "user": 1, "content_type": 10, "object_id": "5", "object_repr": "\u041f\u043b\u0435\u0442\u0435\u043d\u044b\u0439 \u043a\u043e\u0436\u0430\u043d\u044b\u0439 \u0431\u0440\u0430\u0441\u043b\u0435\u0442 \u0441\u043e \u0432\u0441\u0442\u0430\u0432\u043a\u043e\u0439 \u0438\u0437 \u043d\u0435\u0440\u0436\u0430\u0432\u0435\u044e\u0449\u0435\u0439 \u0441\u0442\u0430\u043b\u0438 \u041f\u043b\u0435\u0442\u0435\u043d\u044b\u0439 \u043a\u043e\u0436\u0430\u043d\u044b\u0439 \u0431\u0440\u0430\u0441\u043b\u0435\u0442 \u0441\u043e \u0432\u0441\u0442\u0430\u0432\u043a\u043e\u0439 \u0438\u0437 \u043d\u0435\u0440\u0436\u0430\u0432\u0435\u044e\u0449\u0435\u0439 \u0441\u0442\u0430\u043b\u0438", "action_flag": 2, "change_message": "[{\"changed\": {\"fields\": [\"name\"]}}]"}}, {"model": "admin.logentry", "pk": 54, "fields": {"action_time": "2018-08-06T18:38:09.343Z", "user": 1, "content_type": 10, "object_id": "5", "object_repr": "\u041f\u043b\u0435\u0442\u0435\u043d\u044b\u0439 \u043a\u043e\u0436\u0430\u043d\u044b\u0439 \u0431\u0440\u0430\u0441\u043b\u0435\u0442 \u0441\u043e \u0432\u0441\u0442\u0430\u0432\u043a\u043e\u0439 \u0438\u0437 \u043d\u0435\u0440\u0436\u0430\u0432\u0435\u044e\u0449\u0435\u0439 \u0441\u0442\u0430\u043b\u0438", "action_flag": 2, "change_message": "[{\"changed\": {\"fields\": [\"name\"]}}]"}}, {"model": "admin.logentry", "pk": 55, "fields": {"action_time": "2018-08-06T18:46:06.358Z", "user": 1, "content_type": 10, "object_id": "5", "object_repr": "\u041f\u043b\u0435\u0442\u0435\u043d\u044b\u0439 \u043a\u043e\u0436\u0430\u043d\u044b\u0439 \u0431\u0440\u0430\u0441\u043b\u0435\u0442 \u0441\u043e \u0432\u0441\u0442\u0430\u0432\u043a\u043e\u0439 \u0438\u0437 \u043d\u0435\u0440\u0436\u0430\u0432\u0435\u044e\u0449\u0435\u0439 \u0441\u0442\u0430\u043b\u0438", "action_flag": 2, "change_message": "[{\"changed\": {\"fields\": [\"category\"]}}]"}}, {"model": "admin.logentry", "pk": 56, "fields": {"action_time": "2018-08-06T18:47:00.709Z", "user": 1, "content_type": 10, "object_id": "5", "object_repr": "\u041f\u043b\u0435\u0442\u0435\u043d\u044b\u0439 \u043a\u043e\u0436\u0430\u043d\u044b\u0439 \u0431\u0440\u0430\u0441\u043b\u0435\u0442 \u0441\u043e \u0432\u0441\u0442\u0430\u0432\u043a\u043e\u0439 \u0438\u0437 \u043d\u0435\u0440\u0436\u0430\u0432\u0435\u044e\u0449\u0435\u0439 \u0441\u0442\u0430\u043b\u0438", "action_flag": 2, "change_message": "[{\"changed\": {\"fields\": [\"category\"]}}]"}}, {"model": "admin.logentry", "pk": 57, "fields": {"action_time": "2018-08-06T18:48:17.500Z", "user": 1, "content_type": 10, "object_id": "7", "object_repr": "\u0411\u0440\u0430\u0441\u043b\u0435\u0442 \u0438\u0437 \u043b\u0430\u0432\u044b \u0441 \u0441\u0435\u0440\u0435\u0431\u0440\u043e\u043c", "action_flag": 1, "change_message": "[{\"added\": {}}, {\"added\": {\"name\": \"\\u0424\\u043e\\u0442\\u043e\\u0433\\u0440\\u0430\\u0444\\u0438\\u044f\", \"object\": \"15\"}}, {\"added\": {\"name\": \"\\u0424\\u043e\\u0442\\u043e\\u0433\\u0440\\u0430\\u0444\\u0438\\u044f\", \"object\": \"16\"}}]"}}, {"model": "admin.logentry", "pk": 58, "fields": {"action_time": "2018-08-06T18:54:59.014Z", "user": 1, "content_type": 10, "object_id": "8", "object_repr": "\u0421\u0435\u0440\u0435\u0431\u0440\u044f\u043d\u044b\u0439 \u0431\u0440\u0430\u0441\u043b\u0435\u0442 \u043d\u0430 \u043d\u0438\u0442\u0438", "action_flag": 1, "change_message": "[{\"added\": {}}, {\"added\": {\"name\": \"\\u0424\\u043e\\u0442\\u043e\\u0433\\u0440\\u0430\\u0444\\u0438\\u044f\", \"object\": \"17\"}}]"}}, {"model": "admin.logentry", "pk": 59, "fields": {"action_time": "2018-08-06T18:55:44.444Z", "user": 1, "content_type": 10, "object_id": "9", "object_repr": "\u0421\u0435\u0440\u0435\u0431\u0440\u044f\u043d\u044b\u0439 \u0431\u0440\u0430\u0441\u043b\u0435\u0442 \u043d\u0430 \u043d\u0438\u0442\u0438", "action_flag": 1, "change_message": "[{\"added\": {}}, {\"added\": {\"name\": \"\\u0424\\u043e\\u0442\\u043e\\u0433\\u0440\\u0430\\u0444\\u0438\\u044f\", \"object\": \"18\"}}]"}}, {"model": "admin.logentry", "pk": 60, "fields": {"action_time": "2018-08-06T18:56:08.550Z", "user": 1, "content_type": 10, "object_id": "10", "object_repr": "\u0421\u0435\u0440\u0435\u0431\u0440\u044f\u043d\u044b\u0439 \u0431\u0440\u0430\u0441\u043b\u0435\u0442 \u043d\u0430 \u043d\u0438\u0442\u0438", "action_flag": 1, "change_message": "[{\"added\": {}}, {\"added\": {\"name\": \"\\u0424\\u043e\\u0442\\u043e\\u0433\\u0440\\u0430\\u0444\\u0438\\u044f\", \"object\": \"19\"}}]"}}, {"model": "admin.logentry", "pk": 61, "fields": {"action_time": "2018-08-06T18:58:57.771Z", "user": 1, "content_type": 10, "object_id": "11", "object_repr": "", "action_flag": 1, "change_message": "[{\"added\": {}}, {\"added\": {\"name\": \"\\u0424\\u043e\\u0442\\u043e\\u0433\\u0440\\u0430\\u0444\\u0438\\u044f\", \"object\": \"20\"}}, {\"added\": {\"name\": \"\\u0424\\u043e\\u0442\\u043e\\u0433\\u0440\\u0430\\u0444\\u0438\\u044f\", \"object\": \"21\"}}, {\"added\": {\"name\": \"\\u0424\\u043e\\u0442\\u043e\\u0433\\u0440\\u0430\\u0444\\u0438\\u044f\", \"object\": \"22\"}}]"}}, {"model": "admin.logentry", "pk": 62, "fields": {"action_time": "2018-08-06T19:01:29.230Z", "user": 1, "content_type": 10, "object_id": "10", "object_repr": "\u0421\u0435\u0440\u0435\u0431\u0440\u044f\u043d\u044b\u0439 \u0431\u0440\u0430\u0441\u043b\u0435\u0442 \u043d\u0430 \u043d\u0438\u0442\u0438", "action_flag": 2, "change_message": "[{\"changed\": {\"name\": \"\\u0424\\u043e\\u0442\\u043e\\u0433\\u0440\\u0430\\u0444\\u0438\\u044f\", \"object\": \"19\", \"fields\": [\"is_main\"]}}]"}}, {"model": "admin.logentry", "pk": 63, "fields": {"action_time": "2018-08-06T19:01:37.898Z", "user": 1, "content_type": 10, "object_id": "9", "object_repr": "\u0421\u0435\u0440\u0435\u0431\u0440\u044f\u043d\u044b\u0439 \u0431\u0440\u0430\u0441\u043b\u0435\u0442 \u043d\u0430 \u043d\u0438\u0442\u0438", "action_flag": 2, "change_message": "[{\"changed\": {\"name\": \"\\u0424\\u043e\\u0442\\u043e\\u0433\\u0440\\u0430\\u0444\\u0438\\u044f\", \"object\": \"18\", \"fields\": [\"is_main\"]}}]"}}, {"model": "admin.logentry", "pk": 64, "fields": {"action_time": "2018-08-06T19:01:45.934Z", "user": 1, "content_type": 10, "object_id": "8", "object_repr": "\u0421\u0435\u0440\u0435\u0431\u0440\u044f\u043d\u044b\u0439 \u0431\u0440\u0430\u0441\u043b\u0435\u0442 \u043d\u0430 \u043d\u0438\u0442\u0438", "action_flag": 2, "change_message": "[{\"changed\": {\"name\": \"\\u0424\\u043e\\u0442\\u043e\\u0433\\u0440\\u0430\\u0444\\u0438\\u044f\", \"object\": \"17\", \"fields\": [\"is_main\"]}}]"}}, {"model": "admin.logentry", "pk": 65, "fields": {"action_time": "2018-08-06T19:02:50.282Z", "user": 1, "content_type": 10, "object_id": "11", "object_repr": "\u041a\u043e\u043b\u044c\u0446\u043e \u0434\u043b\u044f \u043f\u043e\u043c\u043e\u043b\u0432\u043a\u0438", "action_flag": 2, "change_message": "[{\"changed\": {\"fields\": [\"name\"]}}]"}}, {"model": "admin.logentry", "pk": 66, "fields": {"action_time": "2018-08-06T19:09:33.141Z", "user": 1, "content_type": 10, "object_id": "12", "object_repr": "\u0421\u0435\u0440\u0435\u0431\u0440\u044f\u043d\u0430\u044f \u043f\u043e\u0434\u0432\u0435\u0441\u043a\u0430 \u0441 \u043f\u0435\u0440\u0441\u043e\u043d\u0438\u0444\u0438\u0446\u0438\u0440\u043e\u0432\u0430\u043d\u043d\u043e\u0439 \u0433\u0440\u0430\u0432\u0438\u0440\u043e\u0432\u043a\u043e\u0439", "action_flag": 1, "change_message": "[{\"added\": {}}, {\"added\": {\"name\": \"\\u0424\\u043e\\u0442\\u043e\\u0433\\u0440\\u0430\\u0444\\u0438\\u044f\", \"object\": \"23\"}}, {\"added\": {\"name\": \"\\u0424\\u043e\\u0442\\u043e\\u0433\\u0440\\u0430\\u0444\\u0438\\u044f\", \"object\": \"24\"}}, {\"added\": {\"name\": \"\\u0424\\u043e\\u0442\\u043e\\u0433\\u0440\\u0430\\u0444\\u0438\\u044f\", \"object\": \"25\"}}]"}}, {"model": "admin.logentry", "pk": 67, "fields": {"action_time": "2018-08-06T19:12:11.442Z", "user": 1, "content_type": 10, "object_id": "13", "object_repr": "\u0421\u0435\u0440\u044c\u0433\u0438 \u0441 \u044f\u043d\u0442\u0430\u0440\u0435\u043c \u0432 \u0441\u0435\u0440\u0435\u0431\u0440\u0435", "action_flag": 1, "change_message": "[{\"added\": {}}, {\"added\": {\"name\": \"\\u0424\\u043e\\u0442\\u043e\\u0433\\u0440\\u0430\\u0444\\u0438\\u044f\", \"object\": \"26\"}}, {\"added\": {\"name\": \"\\u0424\\u043e\\u0442\\u043e\\u0433\\u0440\\u0430\\u0444\\u0438\\u044f\", \"object\": \"27\"}}, {\"added\": {\"name\": \"\\u0424\\u043e\\u0442\\u043e\\u0433\\u0440\\u0430\\u0444\\u0438\\u044f\", \"object\": \"28\"}}]"}}, {"model": "admin.logentry", "pk": 68, "fields": {"action_time": "2018-08-06T19:12:29.895Z", "user": 1, "content_type": 10, "object_id": "11", "object_repr": "\u041a\u043e\u043b\u044c\u0446\u043e \u0434\u043b\u044f \u043f\u043e\u043c\u043e\u043b\u0432\u043a\u0438 \u0438\u0437 \u0431\u0435\u043b\u043e\u0433\u043e \u0437\u043e\u043b\u043e\u0442\u0430", "action_flag": 2, "change_message": "[{\"changed\": {\"fields\": [\"name\"]}}]"}}, {"model": "admin.logentry", "pk": 69, "fields": {"action_time": "2018-08-11T16:35:23.874Z", "user": 1, "content_type": 10, "object_id": "4", "object_repr": "\u0417\u0430\u043f\u043e\u043d\u043a\u0438", "action_flag": 3, "change_message": ""}}, {"model": "admin.logentry", "pk": 70, "fields": {"action_time": "2018-08-11T16:35:23.882Z", "user": 1, "content_type": 10, "object_id": "3", "object_repr": "\u0411\u0440\u0430\u0441\u043b\u0435\u0442 \u0441\u0435\u0440\u0435\u0431\u0440\u044f\u043d\u043d\u044b\u0439", "action_flag": 3, "change_message": ""}}, {"model": "admin.logentry", "pk": 71, "fields": {"action_time": "2018-08-11T16:35:23.889Z", "user": 1, "content_type": 10, "object_id": "2", "object_repr": "\u0411\u0440\u0430\u0441\u043b\u0435\u0442 \u0436\u0435\u043d\u0441\u043a\u0438\u0439", "action_flag": 3, "change_message": ""}}, {"model": "admin.logentry", "pk": 72, "fields": {"action_time": "2018-08-11T16:35:23.897Z", "user": 1, "content_type": 10, "object_id": "1", "object_repr": "\u0411\u0440\u0430\u0441\u043b\u0435\u0442 \u043c\u0443\u0436\u0441\u043a\u043e\u0439", "action_flag": 3, "change_message": ""}}, {"model": "admin.logentry", "pk": 73, "fields": {"action_time": "2018-08-11T16:49:12.256Z", "user": 1, "content_type": 10, "object_id": "14", "object_repr": "\u0411\u0430\u0441\u043b\u0435\u0442 \u0438\u0437 \u043b\u0430\u0432\u044b \u0441 \u0441\u0435\u0440\u0435\u0431\u0440\u044f\u043d\u044b\u043c \u043a\u0440\u0435\u0441\u0442\u043e\u043c", "action_flag": 1, "change_message": "[{\"added\": {}}, {\"added\": {\"name\": \"\\u0424\\u043e\\u0442\\u043e\\u0433\\u0440\\u0430\\u0444\\u0438\\u044f\", \"object\": \"29\"}}, {\"added\": {\"name\": \"\\u0424\\u043e\\u0442\\u043e\\u0433\\u0440\\u0430\\u0444\\u0438\\u044f\", \"object\": \"30\"}}]"}}, {"model": "admin.logentry", "pk": 74, "fields": {"action_time": "2018-08-11T16:50:41.443Z", "user": 1, "content_type": 10, "object_id": "7", "object_repr": "\u0411\u0440\u0430\u0441\u043b\u0435\u0442 \u0438\u0437 \u043b\u0430\u0432\u044b \u0441 \u0441\u0435\u0440\u0435\u0431\u0440\u044f\u043d\u043e\u0439 \u0432\u0441\u0442\u0430\u0432\u043a\u043e\u0439 \u0438 \u0433\u0440\u0430\u0432\u0438\u0440\u043e\u0432\u043a\u043e\u0439", "action_flag": 2, "change_message": "[{\"changed\": {\"fields\": [\"name\"]}}]"}}, {"model": "admin.logentry", "pk": 75, "fields": {"action_time": "2018-09-06T13:14:40.218Z", "user": 1, "content_type": 10, "object_id": "15", "object_repr": "\u041f\u043b\u0435\u0442\u0435\u043d\u044b\u0439 \u043a\u043e\u0436\u0430\u043d\u044b\u0439 \u0431\u0440\u0430\u0441\u043b\u0435\u0442 \u0441\u043e \u0432\u0441\u0442\u0430\u0432\u043a\u043e\u0439 \u0438\u0437 \u043d\u0435\u0440\u0436\u0430\u0432\u0435\u044e\u0449\u0435\u0439 \u0441\u0442\u0430\u043b\u0438", "action_flag": 1, "change_message": "[{\"added\": {}}, {\"added\": {\"name\": \"\\u0424\\u043e\\u0442\\u043e\\u0433\\u0440\\u0430\\u0444\\u0438\\u044f\", \"object\": \"31\"}}, {\"added\": {\"name\": \"\\u0424\\u043e\\u0442\\u043e\\u0433\\u0440\\u0430\\u0444\\u0438\\u044f\", \"object\": \"32\"}}, {\"added\": {\"name\": \"\\u0424\\u043e\\u0442\\u043e\\u0433\\u0440\\u0430\\u0444\\u0438\\u044f\", \"object\": \"33\"}}]"}}, {"model": "admin.logentry", "pk": 76, "fields": {"action_time": "2018-09-06T18:38:51.653Z", "user": 1, "content_type": 10, "object_id": "15", "object_repr": "\u041f\u043b\u0435\u0442\u0435\u043d\u044b\u0439 \u043a\u043e\u0436\u0430\u043d\u044b\u0439 \u0431\u0440\u0430\u0441\u043b\u0435\u0442 \u0441\u043e \u0432\u0441\u0442\u0430\u0432\u043a\u043e\u0439 \u0438\u0437 \u043d\u0435\u0440\u0436\u0430\u0432\u0435\u044e\u0449\u0435\u0439 \u0441\u0442\u0430\u043b\u0438", "action_flag": 2, "change_message": "[{\"changed\": {\"fields\": [\"discount\"]}}]"}}, {"model": "admin.logentry", "pk": 77, "fields": {"action_time": "2018-09-06T18:53:01.872Z", "user": 1, "content_type": 10, "object_id": "15", "object_repr": "\u041f\u043b\u0435\u0442\u0435\u043d\u044b\u0439 \u043a\u043e\u0436\u0430\u043d\u044b\u0439 \u0431\u0440\u0430\u0441\u043b\u0435\u0442 \u0441\u043e \u0432\u0441\u0442\u0430\u0432\u043a\u043e\u0439 \u0438\u0437 \u043d\u0435\u0440\u0436\u0430\u0432\u0435\u044e\u0449\u0435\u0439 \u0441\u0442\u0430\u043b\u0438", "action_flag": 2, "change_message": "[{\"changed\": {\"fields\": [\"is_active\"]}}]"}}, {"model": "admin.logentry", "pk": 78, "fields": {"action_time": "2018-09-07T07:11:04.993Z", "user": 1, "content_type": 10, "object_id": "14", "object_repr": "\u0411\u0430\u0441\u043b\u0435\u0442 \u0438\u0437 \u043b\u0430\u0432\u044b \u0441 \u0441\u0435\u0440\u0435\u0431\u0440\u044f\u043d\u044b\u043c \u043a\u0440\u0435\u0441\u0442\u043e\u043c", "action_flag": 2, "change_message": "[{\"changed\": {\"fields\": [\"is_active\"]}}]"}}, {"model": "admin.logentry", "pk": 79, "fields": {"action_time": "2018-09-07T07:12:26.644Z", "user": 1, "content_type": 10, "object_id": "15", "object_repr": "\u041f\u043b\u0435\u0442\u0435\u043d\u044b\u0439 \u043a\u043e\u0436\u0430\u043d\u044b\u0439 \u0431\u0440\u0430\u0441\u043b\u0435\u0442 \u0441\u043e \u0432\u0441\u0442\u0430\u0432\u043a\u043e\u0439 \u0438\u0437 \u043d\u0435\u0440\u0436\u0430\u0432\u0435\u044e\u0449\u0435\u0439 \u0441\u0442\u0430\u043b\u0438", "action_flag": 2, "change_message": "[{\"changed\": {\"fields\": [\"is_active\"]}}]"}}, {"model": "admin.logentry", "pk": 80, "fields": {"action_time": "2018-09-07T07:12:26.659Z", "user": 1, "content_type": 10, "object_id": "14", "object_repr": "\u0411\u0430\u0441\u043b\u0435\u0442 \u0438\u0437 \u043b\u0430\u0432\u044b \u0441 \u0441\u0435\u0440\u0435\u0431\u0440\u044f\u043d\u044b\u043c \u043a\u0440\u0435\u0441\u0442\u043e\u043c", "action_flag": 2, "change_message": "[{\"changed\": {\"fields\": [\"is_active\"]}}]"}}, {"model": "admin.logentry", "pk": 81, "fields": {"action_time": "2018-09-07T08:55:16.142Z", "user": 1, "content_type": 10, "object_id": "15", "object_repr": "\u041f\u043b\u0435\u0442\u0435\u043d\u044b\u0439 \u043a\u043e\u0436\u0430\u043d\u044b\u0439 \u0431\u0440\u0430\u0441\u043b\u0435\u0442 \u0441\u043e \u0432\u0441\u0442\u0430\u0432\u043a\u043e\u0439 \u0438\u0437 \u043d\u0435\u0440\u0436\u0430\u0432\u0435\u044e\u0449\u0435\u0439 \u0441\u0442\u0430\u043b\u0438", "action_flag": 2, "change_message": "[{\"changed\": {\"fields\": [\"discount\"]}}]"}}, {"model": "admin.logentry", "pk": 82, "fields": {"action_time": "2018-10-09T13:47:14.052Z", "user": 1, "content_type": 10, "object_id": "15", "object_repr": "\u041f\u043b\u0435\u0442\u0435\u043d\u044b\u0439 \u043a\u043e\u0436\u0430\u043d\u044b\u0439 \u0431\u0440\u0430\u0441\u043b\u0435\u0442 \u0441\u043e \u0432\u0441\u0442\u0430\u0432\u043a\u043e\u0439 \u0438\u0437 \u043d\u0435\u0440\u0436\u0430\u0432\u0435\u044e\u0449\u0435\u0439 \u0441\u0442\u0430\u043b\u0438", "action_flag": 2, "change_message": "[{\"changed\": {\"fields\": [\"discount\"]}}]"}}, {"model": "admin.logentry", "pk": 83, "fields": {"action_time": "2018-10-09T16:08:47.334Z", "user": 1, "content_type": 10, "object_id": "14", "object_repr": "\u0411\u0430\u0441\u043b\u0435\u0442 \u0438\u0437 \u043b\u0430\u0432\u044b \u0441 \u0441\u0435\u0440\u0435\u0431\u0440\u044f\u043d\u044b\u043c \u043a\u0440\u0435\u0441\u0442\u043e\u043c", "action_flag": 2, "change_message": "[{\"changed\": {\"fields\": [\"discount\"]}}]"}}, {"model": "admin.logentry", "pk": 84, "fields": {"action_time": "2018-10-11T07:51:43.105Z", "user": 1, "content_type": 3, "object_id": "3", "object_repr": "kiki", "action_flag": 3, "change_message": ""}}, {"model": "admin.logentry", "pk": 85, "fields": {"action_time": "2018-10-11T07:51:43.114Z", "user": 1, "content_type": 3, "object_id": "2", "object_repr": "kirillos", "action_flag": 3, "change_message": ""}}, {"model": "admin.logentry", "pk": 86, "fields": {"action_time": "2018-10-11T09:17:43.426Z", "user": 1, "content_type": 3, "object_id": "4", "object_repr": "kiki", "action_flag": 3, "change_message": ""}}, {"model": "admin.logentry", "pk": 87, "fields": {"action_time": "2018-10-11T21:21:14.947Z", "user": 1, "content_type": 3, "object_id": "5", "object_repr": "Kiki", "action_flag": 2, "change_message": "[{\"changed\": {\"fields\": [\"is_active\"]}}]"}}, {"model": "admin.logentry", "pk": 88, "fields": {"action_time": "2018-10-11T21:23:30.691Z", "user": 1, "content_type": 3, "object_id": "10", "object_repr": "niki", "action_flag": 2, "change_message": "[{\"changed\": {\"fields\": [\"is_active\"]}}]"}}, {"model": "admin.logentry", "pk": 89, "fields": {"action_time": "2018-10-11T21:39:56.277Z", "user": 1, "content_type": 3, "object_id": "5", "object_repr": "Kiki", "action_flag": 3, "change_message": ""}}, {"model": "admin.logentry", "pk": 90, "fields": {"action_time": "2018-10-11T21:39:56.285Z", "user": 1, "content_type": 3, "object_id": "11", "object_repr": "ana", "action_flag": 3, "change_message": ""}}, {"model": "admin.logentry", "pk": 91, "fields": {"action_time": "2018-10-11T21:39:56.294Z", "user": 1, "content_type": 3, "object_id": "7", "object_repr": "konstantinos", "action_flag": 3, "change_message": ""}}, {"model": "admin.logentry", "pk": 92, "fields": {"action_time": "2018-10-11T21:39:56.303Z", "user": 1, "content_type": 3, "object_id": "6", "object_repr": "kosta", "action_flag": 3, "change_message": ""}}, {"model": "admin.logentry", "pk": 93, "fields": {"action_time": "2018-10-11T21:39:56.309Z", "user": 1, "content_type": 3, "object_id": "12", "object_repr": "nana", "action_flag": 3, "change_message": ""}}, {"model": "admin.logentry", "pk": 94, "fields": {"action_time": "2018-10-11T21:39:56.314Z", "user": 1, "content_type": 3, "object_id": "10", "object_repr": "niki", "action_flag": 3, "change_message": ""}}, {"model": "admin.logentry", "pk": 95, "fields": {"action_time": "2018-10-11T21:39:56.321Z", "user": 1, "content_type": 3, "object_id": "8", "object_repr": "nikita", "action_flag": 3, "change_message": ""}}, {"model": "admin.logentry", "pk": 96, "fields": {"action_time": "2018-10-11T21:39:56.331Z", "user": 1, "content_type": 3, "object_id": "9", "object_repr": "nikitos", "action_flag": 3, "change_message": ""}}, {"model": "admin.logentry", "pk": 97, "fields": {"action_time": "2018-10-12T19:47:40.819Z", "user": 1, "content_type": 3, "object_id": "13", "object_repr": "kiki", "action_flag": 3, "change_message": ""}}, {"model": "admin.logentry", "pk": 98, "fields": {"action_time": "2018-10-12T19:47:40.831Z", "user": 1, "content_type": 3, "object_id": "14", "object_repr": "kirillos", "action_flag": 3, "change_message": ""}}, {"model": "admin.logentry", "pk": 99, "fields": {"action_time": "2018-10-12T20:34:48.947Z", "user": 1, "content_type": 16, "object_id": "1", "object_repr": "https://localhost:8000/", "action_flag": 2, "change_message": "[{\"changed\": {\"fields\": [\"domain\", \"name\"]}}]"}}, {"model": "admin.logentry", "pk": 100, "fields": {"action_time": "2018-10-12T20:53:12.009Z", "user": 1, "content_type": 20, "object_id": "1", "object_repr": "Facebook", "action_flag": 1, "change_message": "[{\"added\": {}}]"}}, {"model": "admin.logentry", "pk": 101, "fields": {"action_time": "2018-10-12T21:12:53.214Z", "user": 1, "content_type": 16, "object_id": "1", "object_repr": "https//127.0.0.1:8000/", "action_flag": 2, "change_message": "[{\"changed\": {\"fields\": [\"domain\", \"name\"]}}]"}}, {"model": "admin.logentry", "pk": 102, "fields": {"action_time": "2018-10-12T22:07:50.933Z", "user": 1, "content_type": 16, "object_id": "1", "object_repr": "localhost:8000", "action_flag": 2, "change_message": "[{\"changed\": {\"fields\": [\"domain\", \"name\"]}}]"}}, {"model": "admin.logentry", "pk": 103, "fields": {"action_time": "2018-10-12T22:08:33.499Z", "user": 1, "content_type": 20, "object_id": "1", "object_repr": "Facebook", "action_flag": 3, "change_message": ""}}, {"model": "admin.logentry", "pk": 104, "fields": {"action_time": "2018-10-12T22:13:32.522Z", "user": 1, "content_type": 20, "object_id": "2", "object_repr": "FB App", "action_flag": 1, "change_message": "[{\"added\": {}}]"}}, {"model": "admin.logentry", "pk": 105, "fields": {"action_time": "2018-10-13T16:49:17.870Z", "user": 1, "content_type": 20, "object_id": "2", "object_repr": "Petrosyan Jewelry", "action_flag": 2, "change_message": "[{\"changed\": {\"fields\": [\"name\"]}}]"}}, {"model": "admin.logentry", "pk": 106, "fields": {"action_time": "2018-10-13T16:49:46.897Z", "user": 1, "content_type": 16, "object_id": "1", "object_repr": "localhost:8000", "action_flag": 2, "change_message": "[{\"changed\": {\"fields\": [\"name\"]}}]"}}, {"model": "admin.logentry", "pk": 107, "fields": {"action_time": "2018-10-13T16:50:02.225Z", "user": 1, "content_type": 20, "object_id": "2", "object_repr": "FB App", "action_flag": 2, "change_message": "[{\"changed\": {\"fields\": [\"name\"]}}]"}}, {"model": "admin.logentry", "pk": 108, "fields": {"action_time": "2018-10-14T17:40:59.174Z", "user": 1, "content_type": 3, "object_id": "17", "object_repr": "kikos", "action_flag": 3, "change_message": ""}}, {"model": "admin.logentry", "pk": 109, "fields": {"action_time": "2018-10-14T17:40:59.181Z", "user": 1, "content_type": 3, "object_id": "15", "object_repr": "kirill81", "action_flag": 3, "change_message": ""}}, {"model": "admin.logentry", "pk": 110, "fields": {"action_time": "2018-10-14T17:40:59.186Z", "user": 1, "content_type": 3, "object_id": "16", "object_repr": "vasil", "action_flag": 3, "change_message": ""}}]