PRAGMA foreign_keys=OFF;
BEGIN TRANSACTION;
CREATE TABLE IF NOT EXISTS "django_migrations" ("id" integer NOT NULL PRIMARY KEY AUTOINCREMENT, "app" varchar(255) NOT NULL, "name" varchar(255) NOT NULL, "applied" datetime NOT NULL);
INSERT INTO django_migrations VALUES(1,'contenttypes','0001_initial','2018-05-20 17:47:24.680083');
INSERT INTO django_migrations VALUES(2,'auth','0001_initial','2018-05-20 17:47:24.732514');
INSERT INTO django_migrations VALUES(3,'admin','0001_initial','2018-05-20 17:47:24.768646');
INSERT INTO django_migrations VALUES(4,'admin','0002_logentry_remove_auto_add','2018-05-20 17:47:24.800989');
INSERT INTO django_migrations VALUES(5,'contenttypes','0002_remove_content_type_name','2018-05-20 17:47:24.867859');
INSERT INTO django_migrations VALUES(6,'auth','0002_alter_permission_name_max_length','2018-05-20 17:47:24.901438');
INSERT INTO django_migrations VALUES(7,'auth','0003_alter_user_email_max_length','2018-05-20 17:47:24.952949');
INSERT INTO django_migrations VALUES(8,'auth','0004_alter_user_username_opts','2018-05-20 17:47:24.985535');
INSERT INTO django_migrations VALUES(9,'auth','0005_alter_user_last_login_null','2018-05-20 17:47:25.016250');
INSERT INTO django_migrations VALUES(10,'auth','0006_require_contenttypes_0002','2018-05-20 17:47:25.024536');
INSERT INTO django_migrations VALUES(11,'auth','0007_alter_validators_add_error_messages','2018-05-20 17:47:25.057036');
INSERT INTO django_migrations VALUES(12,'auth','0008_alter_user_username_max_length','2018-05-20 17:47:25.089429');
INSERT INTO django_migrations VALUES(13,'sessions','0001_initial','2018-05-20 17:47:25.106206');
INSERT INTO django_migrations VALUES(14,'landing','0001_initial','2018-05-20 20:52:22.260359');
INSERT INTO django_migrations VALUES(15,'landing','0002_auto_20180520_2113','2018-05-20 21:14:09.294637');
INSERT INTO django_migrations VALUES(16,'landing','0003_auto_20180524_1940','2018-05-24 19:41:08.291470');
INSERT INTO django_migrations VALUES(17,'product','0001_initial','2018-05-24 19:41:08.326336');
INSERT INTO django_migrations VALUES(18,'order','0001_initial','2018-05-24 19:41:08.379334');
INSERT INTO django_migrations VALUES(19,'order','0002_auto_20180524_2146','2018-05-24 21:46:19.878180');
INSERT INTO django_migrations VALUES(20,'order','0002_auto_20180524_2157','2018-05-24 21:57:46.476156');
INSERT INTO django_migrations VALUES(21,'product','0002_product_price','2018-05-24 22:02:22.166952');
INSERT INTO django_migrations VALUES(22,'order','0003_productinorder_is_active','2018-05-25 21:24:04.549134');
INSERT INTO django_migrations VALUES(23,'landing','0004_auto_20180709_1126','2018-07-09 11:27:05.669978');
INSERT INTO django_migrations VALUES(24,'product','0003_product_short_description','2018-07-09 11:27:05.821519');
INSERT INTO django_migrations VALUES(25,'product','0004_productimage_is_main','2018-07-09 18:01:41.533903');
INSERT INTO django_migrations VALUES(26,'product','0005_auto_20180727_1117','2018-07-27 11:17:41.594270');
INSERT INTO django_migrations VALUES(27,'product','0006_auto_20180727_1150','2018-07-27 11:50:54.053602');
INSERT INTO django_migrations VALUES(28,'product','0007_auto_20180802_2130','2018-08-02 21:31:10.536545');
INSERT INTO django_migrations VALUES(29,'product','0008_auto_20180906_1835','2018-09-06 18:36:03.844232');
INSERT INTO django_migrations VALUES(30,'product','0009_product_is_active','2018-09-06 18:47:51.586989');
INSERT INTO django_migrations VALUES(31,'order','0004_productincart','2018-10-10 07:53:53.815624');
INSERT INTO django_migrations VALUES(32,'account','0001_initial','2018-10-12 20:31:05.534933');
INSERT INTO django_migrations VALUES(33,'account','0002_email_max_length','2018-10-12 20:31:05.585761');
INSERT INTO django_migrations VALUES(34,'sites','0001_initial','2018-10-12 20:31:05.607280');
INSERT INTO django_migrations VALUES(35,'sites','0002_alter_domain_unique','2018-10-12 20:31:05.636187');
INSERT INTO django_migrations VALUES(36,'socialaccount','0001_initial','2018-10-12 20:31:05.757626');
INSERT INTO django_migrations VALUES(37,'socialaccount','0002_token_max_lengths','2018-10-12 20:31:05.840798');
INSERT INTO django_migrations VALUES(38,'socialaccount','0003_extra_data_default_dict','2018-10-12 20:31:05.880741');
CREATE TABLE IF NOT EXISTS "auth_group" ("id" integer NOT NULL PRIMARY KEY AUTOINCREMENT, "name" varchar(80) NOT NULL UNIQUE);
CREATE TABLE IF NOT EXISTS "auth_group_permissions" ("id" integer NOT NULL PRIMARY KEY AUTOINCREMENT, "group_id" integer NOT NULL REFERENCES "auth_group" ("id"), "permission_id" integer NOT NULL REFERENCES "auth_permission" ("id"));
CREATE TABLE IF NOT EXISTS "auth_user_groups" ("id" integer NOT NULL PRIMARY KEY AUTOINCREMENT, "user_id" integer NOT NULL REFERENCES "auth_user" ("id"), "group_id" integer NOT NULL REFERENCES "auth_group" ("id"));
CREATE TABLE IF NOT EXISTS "auth_user_user_permissions" ("id" integer NOT NULL PRIMARY KEY AUTOINCREMENT, "user_id" integer NOT NULL REFERENCES "auth_user" ("id"), "permission_id" integer NOT NULL REFERENCES "auth_permission" ("id"));
CREATE TABLE IF NOT EXISTS "django_admin_log" ("id" integer NOT NULL PRIMARY KEY AUTOINCREMENT, "object_id" text NULL, "object_repr" varchar(200) NOT NULL, "action_flag" smallint unsigned NOT NULL, "change_message" text NOT NULL, "content_type_id" integer NULL REFERENCES "django_content_type" ("id"), "user_id" integer NOT NULL REFERENCES "auth_user" ("id"), "action_time" datetime NOT NULL);
INSERT INTO django_admin_log VALUES(1,'1','Subscriber object',1,'[{"added": {}}]',8,1,'2018-05-20 21:20:11.073454');
INSERT INTO django_admin_log VALUES(2,'5','Subscriber object',3,'',8,1,'2018-05-21 21:31:01.544073');
INSERT INTO django_admin_log VALUES(3,'4','Subscriber object',3,'',8,1,'2018-05-21 21:31:01.556008');
INSERT INTO django_admin_log VALUES(4,'3','Subscriber object',3,'',8,1,'2018-05-21 21:31:01.565130');
INSERT INTO django_admin_log VALUES(5,'1','1:Браслет мужской',1,'[{"added": {}}]',10,1,'2018-05-24 20:28:15.660802');
INSERT INTO django_admin_log VALUES(6,'1','1',1,'[{"added": {}}]',9,1,'2018-05-24 20:34:01.405312');
INSERT INTO django_admin_log VALUES(7,'1','1',3,'',9,1,'2018-05-24 20:34:27.738284');
INSERT INTO django_admin_log VALUES(8,'2','2',1,'[{"added": {}}]',9,1,'2018-05-24 20:34:36.234592');
INSERT INTO django_admin_log VALUES(9,'1','Статус:Новый',1,'[{"added": {}}]',12,1,'2018-05-24 21:21:42.770372');
INSERT INTO django_admin_log VALUES(10,'2','Статус:В работе',1,'[{"added": {}}]',12,1,'2018-05-24 21:21:54.762627');
INSERT INTO django_admin_log VALUES(11,'3','Статус:Отменен',1,'[{"added": {}}]',12,1,'2018-05-24 21:22:09.172075');
INSERT INTO django_admin_log VALUES(12,'4','Статус:Выполнен',1,'[{"added": {}}]',12,1,'2018-05-24 21:22:19.631492');
INSERT INTO django_admin_log VALUES(13,'1','Заказ 1 : Статус:Новый',1,'[{"added": {}}]',11,1,'2018-05-24 21:22:40.193108');
INSERT INTO django_admin_log VALUES(14,'1','Заказ 1 : Статус:Новый',2,'[{"added": {"name": "\u0422\u043e\u0432\u0430\u0440", "object": "\u0411\u0440\u0430\u0441\u043b\u0435\u0442 \u043c\u0443\u0436\u0441\u043a\u043e\u0439"}}]',11,1,'2018-05-24 21:32:59.151821');
INSERT INTO django_admin_log VALUES(15,'1','1:Браслет мужской',2,'[{"changed": {"fields": ["price"]}}]',10,1,'2018-05-25 20:21:29.513001');
INSERT INTO django_admin_log VALUES(16,'1','1:Браслет мужской',2,'[]',10,1,'2018-05-25 20:26:28.761601');
INSERT INTO django_admin_log VALUES(17,'2','Заказ 2 : Статус:Новый',1,'[{"added": {}}, {"added": {"name": "\u0422\u043e\u0432\u0430\u0440 \u0432 \u0437\u0430\u043a\u0430\u0437\u0435", "object": "\u0411\u0440\u0430\u0441\u043b\u0435\u0442 \u043c\u0443\u0436\u0441\u043a\u043e\u0439"}}]',11,1,'2018-05-25 21:26:04.474920');
INSERT INTO django_admin_log VALUES(18,'2','2:Браслет женский',1,'[{"added": {}}, {"added": {"name": "\u0424\u043e\u0442\u043e\u0433\u0440\u0430\u0444\u0438\u044f", "object": "3"}}]',10,1,'2018-05-25 21:30:58.091076');
INSERT INTO django_admin_log VALUES(19,'3','Заказ 3 : Статус:Новый',1,'[{"added": {}}, {"added": {"name": "\u0422\u043e\u0432\u0430\u0440 \u0432 \u0437\u0430\u043a\u0430\u0437\u0435", "object": "\u0411\u0440\u0430\u0441\u043b\u0435\u0442 \u0436\u0435\u043d\u0441\u043a\u0438\u0439"}}, {"added": {"name": "\u0422\u043e\u0432\u0430\u0440 \u0432 \u0437\u0430\u043a\u0430\u0437\u0435", "object": "\u0411\u0440\u0430\u0441\u043b\u0435\u0442 \u043c\u0443\u0436\u0441\u043a\u043e\u0439"}}]',11,1,'2018-05-25 21:32:03.168096');
INSERT INTO django_admin_log VALUES(20,'3','серебряннный браслет',1,'[{"added": {}}, {"added": {"name": "\u0424\u043e\u0442\u043e\u0433\u0440\u0430\u0444\u0438\u044f", "object": "4"}}]',10,1,'2018-07-07 18:32:55.881644');
INSERT INTO django_admin_log VALUES(21,'4','Запонки',1,'[{"added": {}}, {"added": {"name": "\u0424\u043e\u0442\u043e\u0433\u0440\u0430\u0444\u0438\u044f", "object": "5"}}]',10,1,'2018-07-07 18:36:08.792666');
INSERT INTO django_admin_log VALUES(22,'2','Браслет женский',2,'[{"changed": {"fields": ["description"]}}, {"deleted": {"name": "\u0424\u043e\u0442\u043e\u0433\u0440\u0430\u0444\u0438\u044f", "object": "None"}}]',10,1,'2018-07-07 18:36:42.114244');
INSERT INTO django_admin_log VALUES(23,'2','Браслет женский',2,'[{"added": {"name": "\u0424\u043e\u0442\u043e\u0433\u0440\u0430\u0444\u0438\u044f", "object": "6"}}]',10,1,'2018-07-07 18:36:53.430761');
INSERT INTO django_admin_log VALUES(24,'2','Браслет женский',2,'[]',10,1,'2018-07-07 18:37:00.659532');
INSERT INTO django_admin_log VALUES(25,'1','Браслет мужской',2,'[{"added": {"name": "\u0424\u043e\u0442\u043e\u0433\u0440\u0430\u0444\u0438\u044f", "object": "7"}}, {"deleted": {"name": "\u0424\u043e\u0442\u043e\u0433\u0440\u0430\u0444\u0438\u044f", "object": "None"}}]',10,1,'2018-07-07 18:37:19.549963');
INSERT INTO django_admin_log VALUES(26,'1','Браслет мужской',2,'[]',10,1,'2018-07-07 18:37:25.700240');
INSERT INTO django_admin_log VALUES(27,'3','Браслет серебрянный.',2,'[{"changed": {"fields": ["name", "description"]}}]',10,1,'2018-07-07 18:38:42.660565');
INSERT INTO django_admin_log VALUES(28,'3','Браслет серебрянный',2,'[{"changed": {"fields": ["name"]}}]',10,1,'2018-07-07 18:39:12.371027');
INSERT INTO django_admin_log VALUES(29,'4','Запонки',2,'[{"changed": {"fields": ["description"]}}]',10,1,'2018-07-07 18:39:59.070200');
INSERT INTO django_admin_log VALUES(30,'7','7',2,'[{"changed": {"fields": ["is_main"]}}]',9,1,'2018-07-09 18:02:47.100619');
INSERT INTO django_admin_log VALUES(31,'6','6',2,'[{"changed": {"fields": ["is_main"]}}]',9,1,'2018-07-09 18:02:53.175644');
INSERT INTO django_admin_log VALUES(32,'5','5',2,'[{"changed": {"fields": ["is_main"]}}]',9,1,'2018-07-09 18:02:57.680637');
INSERT INTO django_admin_log VALUES(33,'4','4',2,'[{"changed": {"fields": ["is_main"]}}]',9,1,'2018-07-09 18:03:01.310338');
INSERT INTO django_admin_log VALUES(34,'7','7',2,'[]',9,1,'2018-07-24 13:09:03.410479');
INSERT INTO django_admin_log VALUES(35,'1','Браслеты',1,'[{"added": {}}]',14,1,'2018-07-27 20:20:00.191741');
INSERT INTO django_admin_log VALUES(36,'2','Подвески',1,'[{"added": {}}]',14,1,'2018-07-27 20:20:19.476505');
INSERT INTO django_admin_log VALUES(37,'3','Запонки',1,'[{"added": {}}]',14,1,'2018-07-27 20:20:33.459848');
INSERT INTO django_admin_log VALUES(38,'4','Кольца',1,'[{"added": {}}]',14,1,'2018-07-27 20:20:41.398594');
INSERT INTO django_admin_log VALUES(39,'5','Серьги',1,'[{"added": {}}]',14,1,'2018-07-27 20:20:45.512107');
INSERT INTO django_admin_log VALUES(40,'6','Для детей',1,'[{"added": {}}]',14,1,'2018-07-27 20:20:52.258415');
INSERT INTO django_admin_log VALUES(41,'7','Браслеты из натуральных камней',1,'[{"added": {}}]',14,1,'2018-07-27 20:35:22.062488');
INSERT INTO django_admin_log VALUES(42,'8','Браслеты серебрянные и золотые',1,'[{"added": {}}]',14,1,'2018-07-27 20:35:45.240995');
INSERT INTO django_admin_log VALUES(43,'1','Браслеты кожанные',2,'[{"changed": {"fields": ["name"]}}]',14,1,'2018-07-27 20:41:38.715885');
INSERT INTO django_admin_log VALUES(44,'4','Запонки',2,'[{"changed": {"fields": ["category"]}}]',10,1,'2018-08-01 20:57:18.526278');
INSERT INTO django_admin_log VALUES(45,'3','Браслет серебрянный',2,'[{"changed": {"fields": ["category"]}}]',10,1,'2018-08-01 20:57:18.540356');
INSERT INTO django_admin_log VALUES(46,'2','Браслет женский',2,'[{"changed": {"fields": ["category"]}}]',10,1,'2018-08-01 20:57:18.556756');
INSERT INTO django_admin_log VALUES(47,'1','Браслет мужской',2,'[{"changed": {"fields": ["category"]}}]',10,1,'2018-08-01 20:57:18.568311');
INSERT INTO django_admin_log VALUES(48,'1','Браслеты кожаные',2,'[{"changed": {"fields": ["name"]}}]',14,1,'2018-08-02 14:16:02.834057');
INSERT INTO django_admin_log VALUES(49,'8','Браслеты серебряные и золотые',2,'[{"changed": {"fields": ["name"]}}]',14,1,'2018-08-02 14:16:30.362905');
INSERT INTO django_admin_log VALUES(50,'5','Плетеный кожаный браслет со вставкой из нержавеющей стали',1,'[{"added": {}}, {"added": {"name": "\u0424\u043e\u0442\u043e\u0433\u0440\u0430\u0444\u0438\u044f", "object": "8"}}, {"added": {"name": "\u0424\u043e\u0442\u043e\u0433\u0440\u0430\u0444\u0438\u044f", "object": "9"}}, {"added": {"name": "\u0424\u043e\u0442\u043e\u0433\u0440\u0430\u0444\u0438\u044f", "object": "10"}}]',10,1,'2018-08-02 22:10:28.632021');
INSERT INTO django_admin_log VALUES(51,'5','Плетеный кожаный браслет со вставкой из нержавеющей стали',2,'[{"changed": {"name": "\u0424\u043e\u0442\u043e\u0433\u0440\u0430\u0444\u0438\u044f", "object": "8", "fields": ["is_main"]}}]',10,1,'2018-08-02 22:11:40.935577');
INSERT INTO django_admin_log VALUES(52,'6','Серебряный браслет на нити',1,'[{"added": {}}, {"added": {"name": "\u0424\u043e\u0442\u043e\u0433\u0440\u0430\u0444\u0438\u044f", "object": "11"}}, {"added": {"name": "\u0424\u043e\u0442\u043e\u0433\u0440\u0430\u0444\u0438\u044f", "object": "12"}}, {"added": {"name": "\u0424\u043e\u0442\u043e\u0433\u0440\u0430\u0444\u0438\u044f", "object": "13"}}, {"added": {"name": "\u0424\u043e\u0442\u043e\u0433\u0440\u0430\u0444\u0438\u044f", "object": "14"}}]',10,1,'2018-08-06 17:59:43.336563');
INSERT INTO django_admin_log VALUES(53,'5','Плетеный кожаный браслет со вставкой из нержавеющей стали Плетеный кожаный браслет со вставкой из нержавеющей стали',2,'[{"changed": {"fields": ["name"]}}]',10,1,'2018-08-06 18:26:31.991909');
INSERT INTO django_admin_log VALUES(54,'5','Плетеный кожаный браслет со вставкой из нержавеющей стали',2,'[{"changed": {"fields": ["name"]}}]',10,1,'2018-08-06 18:38:09.343691');
INSERT INTO django_admin_log VALUES(55,'5','Плетеный кожаный браслет со вставкой из нержавеющей стали',2,'[{"changed": {"fields": ["category"]}}]',10,1,'2018-08-06 18:46:06.358958');
INSERT INTO django_admin_log VALUES(56,'5','Плетеный кожаный браслет со вставкой из нержавеющей стали',2,'[{"changed": {"fields": ["category"]}}]',10,1,'2018-08-06 18:47:00.709985');
INSERT INTO django_admin_log VALUES(57,'7','Браслет из лавы с серебром',1,'[{"added": {}}, {"added": {"name": "\u0424\u043e\u0442\u043e\u0433\u0440\u0430\u0444\u0438\u044f", "object": "15"}}, {"added": {"name": "\u0424\u043e\u0442\u043e\u0433\u0440\u0430\u0444\u0438\u044f", "object": "16"}}]',10,1,'2018-08-06 18:48:17.500299');
INSERT INTO django_admin_log VALUES(58,'8','Серебряный браслет на нити',1,'[{"added": {}}, {"added": {"name": "\u0424\u043e\u0442\u043e\u0433\u0440\u0430\u0444\u0438\u044f", "object": "17"}}]',10,1,'2018-08-06 18:54:59.014123');
INSERT INTO django_admin_log VALUES(59,'9','Серебряный браслет на нити',1,'[{"added": {}}, {"added": {"name": "\u0424\u043e\u0442\u043e\u0433\u0440\u0430\u0444\u0438\u044f", "object": "18"}}]',10,1,'2018-08-06 18:55:44.444689');
INSERT INTO django_admin_log VALUES(60,'10','Серебряный браслет на нити',1,'[{"added": {}}, {"added": {"name": "\u0424\u043e\u0442\u043e\u0433\u0440\u0430\u0444\u0438\u044f", "object": "19"}}]',10,1,'2018-08-06 18:56:08.550229');
INSERT INTO django_admin_log VALUES(61,'11','',1,'[{"added": {}}, {"added": {"name": "\u0424\u043e\u0442\u043e\u0433\u0440\u0430\u0444\u0438\u044f", "object": "20"}}, {"added": {"name": "\u0424\u043e\u0442\u043e\u0433\u0440\u0430\u0444\u0438\u044f", "object": "21"}}, {"added": {"name": "\u0424\u043e\u0442\u043e\u0433\u0440\u0430\u0444\u0438\u044f", "object": "22"}}]',10,1,'2018-08-06 18:58:57.771433');
INSERT INTO django_admin_log VALUES(62,'10','Серебряный браслет на нити',2,'[{"changed": {"name": "\u0424\u043e\u0442\u043e\u0433\u0440\u0430\u0444\u0438\u044f", "object": "19", "fields": ["is_main"]}}]',10,1,'2018-08-06 19:01:29.230435');
INSERT INTO django_admin_log VALUES(63,'9','Серебряный браслет на нити',2,'[{"changed": {"name": "\u0424\u043e\u0442\u043e\u0433\u0440\u0430\u0444\u0438\u044f", "object": "18", "fields": ["is_main"]}}]',10,1,'2018-08-06 19:01:37.898275');
INSERT INTO django_admin_log VALUES(64,'8','Серебряный браслет на нити',2,'[{"changed": {"name": "\u0424\u043e\u0442\u043e\u0433\u0440\u0430\u0444\u0438\u044f", "object": "17", "fields": ["is_main"]}}]',10,1,'2018-08-06 19:01:45.934933');
INSERT INTO django_admin_log VALUES(65,'11','Кольцо для помолвки',2,'[{"changed": {"fields": ["name"]}}]',10,1,'2018-08-06 19:02:50.282518');
INSERT INTO django_admin_log VALUES(66,'12','Серебряная подвеска с персонифицированной гравировкой',1,'[{"added": {}}, {"added": {"name": "\u0424\u043e\u0442\u043e\u0433\u0440\u0430\u0444\u0438\u044f", "object": "23"}}, {"added": {"name": "\u0424\u043e\u0442\u043e\u0433\u0440\u0430\u0444\u0438\u044f", "object": "24"}}, {"added": {"name": "\u0424\u043e\u0442\u043e\u0433\u0440\u0430\u0444\u0438\u044f", "object": "25"}}]',10,1,'2018-08-06 19:09:33.141971');
INSERT INTO django_admin_log VALUES(67,'13','Серьги с янтарем в серебре',1,'[{"added": {}}, {"added": {"name": "\u0424\u043e\u0442\u043e\u0433\u0440\u0430\u0444\u0438\u044f", "object": "26"}}, {"added": {"name": "\u0424\u043e\u0442\u043e\u0433\u0440\u0430\u0444\u0438\u044f", "object": "27"}}, {"added": {"name": "\u0424\u043e\u0442\u043e\u0433\u0440\u0430\u0444\u0438\u044f", "object": "28"}}]',10,1,'2018-08-06 19:12:11.442157');
INSERT INTO django_admin_log VALUES(68,'11','Кольцо для помолвки из белого золота',2,'[{"changed": {"fields": ["name"]}}]',10,1,'2018-08-06 19:12:29.895780');
INSERT INTO django_admin_log VALUES(69,'4','Запонки',3,'',10,1,'2018-08-11 16:35:23.874649');
INSERT INTO django_admin_log VALUES(70,'3','Браслет серебрянный',3,'',10,1,'2018-08-11 16:35:23.882922');
INSERT INTO django_admin_log VALUES(71,'2','Браслет женский',3,'',10,1,'2018-08-11 16:35:23.889512');
INSERT INTO django_admin_log VALUES(72,'1','Браслет мужской',3,'',10,1,'2018-08-11 16:35:23.897805');
INSERT INTO django_admin_log VALUES(73,'14','Баслет из лавы с серебряным крестом',1,'[{"added": {}}, {"added": {"name": "\u0424\u043e\u0442\u043e\u0433\u0440\u0430\u0444\u0438\u044f", "object": "29"}}, {"added": {"name": "\u0424\u043e\u0442\u043e\u0433\u0440\u0430\u0444\u0438\u044f", "object": "30"}}]',10,1,'2018-08-11 16:49:12.256769');
INSERT INTO django_admin_log VALUES(74,'7','Браслет из лавы с серебряной вставкой и гравировкой',2,'[{"changed": {"fields": ["name"]}}]',10,1,'2018-08-11 16:50:41.443779');
INSERT INTO django_admin_log VALUES(75,'15','Плетеный кожаный браслет со вставкой из нержавеющей стали',1,'[{"added": {}}, {"added": {"name": "\u0424\u043e\u0442\u043e\u0433\u0440\u0430\u0444\u0438\u044f", "object": "31"}}, {"added": {"name": "\u0424\u043e\u0442\u043e\u0433\u0440\u0430\u0444\u0438\u044f", "object": "32"}}, {"added": {"name": "\u0424\u043e\u0442\u043e\u0433\u0440\u0430\u0444\u0438\u044f", "object": "33"}}]',10,1,'2018-09-06 13:14:40.218308');
INSERT INTO django_admin_log VALUES(76,'15','Плетеный кожаный браслет со вставкой из нержавеющей стали',2,'[{"changed": {"fields": ["discount"]}}]',10,1,'2018-09-06 18:38:51.653491');
INSERT INTO django_admin_log VALUES(77,'15','Плетеный кожаный браслет со вставкой из нержавеющей стали',2,'[{"changed": {"fields": ["is_active"]}}]',10,1,'2018-09-06 18:53:01.872798');
INSERT INTO django_admin_log VALUES(78,'14','Баслет из лавы с серебряным крестом',2,'[{"changed": {"fields": ["is_active"]}}]',10,1,'2018-09-07 07:11:04.993892');
INSERT INTO django_admin_log VALUES(79,'15','Плетеный кожаный браслет со вставкой из нержавеющей стали',2,'[{"changed": {"fields": ["is_active"]}}]',10,1,'2018-09-07 07:12:26.644609');
INSERT INTO django_admin_log VALUES(80,'14','Баслет из лавы с серебряным крестом',2,'[{"changed": {"fields": ["is_active"]}}]',10,1,'2018-09-07 07:12:26.659661');
INSERT INTO django_admin_log VALUES(81,'15','Плетеный кожаный браслет со вставкой из нержавеющей стали',2,'[{"changed": {"fields": ["discount"]}}]',10,1,'2018-09-07 08:55:16.142929');
INSERT INTO django_admin_log VALUES(82,'15','Плетеный кожаный браслет со вставкой из нержавеющей стали',2,'[{"changed": {"fields": ["discount"]}}]',10,1,'2018-10-09 13:47:14.052949');
INSERT INTO django_admin_log VALUES(83,'14','Баслет из лавы с серебряным крестом',2,'[{"changed": {"fields": ["discount"]}}]',10,1,'2018-10-09 16:08:47.334568');
INSERT INTO django_admin_log VALUES(84,'3','kiki',3,'',3,1,'2018-10-11 07:51:43.105092');
INSERT INTO django_admin_log VALUES(85,'2','kirillos',3,'',3,1,'2018-10-11 07:51:43.114413');
INSERT INTO django_admin_log VALUES(86,'4','kiki',3,'',3,1,'2018-10-11 09:17:43.426896');
INSERT INTO django_admin_log VALUES(87,'5','Kiki',2,'[{"changed": {"fields": ["is_active"]}}]',3,1,'2018-10-11 21:21:14.947012');
INSERT INTO django_admin_log VALUES(88,'10','niki',2,'[{"changed": {"fields": ["is_active"]}}]',3,1,'2018-10-11 21:23:30.691659');
INSERT INTO django_admin_log VALUES(89,'5','Kiki',3,'',3,1,'2018-10-11 21:39:56.277987');
INSERT INTO django_admin_log VALUES(90,'11','ana',3,'',3,1,'2018-10-11 21:39:56.285556');
INSERT INTO django_admin_log VALUES(91,'7','konstantinos',3,'',3,1,'2018-10-11 21:39:56.294319');
INSERT INTO django_admin_log VALUES(92,'6','kosta',3,'',3,1,'2018-10-11 21:39:56.303079');
INSERT INTO django_admin_log VALUES(93,'12','nana',3,'',3,1,'2018-10-11 21:39:56.309597');
INSERT INTO django_admin_log VALUES(94,'10','niki',3,'',3,1,'2018-10-11 21:39:56.314577');
INSERT INTO django_admin_log VALUES(95,'8','nikita',3,'',3,1,'2018-10-11 21:39:56.321290');
INSERT INTO django_admin_log VALUES(96,'9','nikitos',3,'',3,1,'2018-10-11 21:39:56.331578');
INSERT INTO django_admin_log VALUES(97,'13','kiki',3,'',3,1,'2018-10-12 19:47:40.819037');
INSERT INTO django_admin_log VALUES(98,'14','kirillos',3,'',3,1,'2018-10-12 19:47:40.831664');
INSERT INTO django_admin_log VALUES(99,'1','https://localhost:8000/',2,'[{"changed": {"fields": ["domain", "name"]}}]',16,1,'2018-10-12 20:34:48.947989');
INSERT INTO django_admin_log VALUES(100,'1','Facebook',1,'[{"added": {}}]',20,1,'2018-10-12 20:53:12.009429');
INSERT INTO django_admin_log VALUES(101,'1','https//127.0.0.1:8000/',2,'[{"changed": {"fields": ["domain", "name"]}}]',16,1,'2018-10-12 21:12:53.214724');
INSERT INTO django_admin_log VALUES(102,'1','localhost:8000',2,'[{"changed": {"fields": ["domain", "name"]}}]',16,1,'2018-10-12 22:07:50.933050');
INSERT INTO django_admin_log VALUES(103,'1','Facebook',3,'',20,1,'2018-10-12 22:08:33.499703');
INSERT INTO django_admin_log VALUES(104,'2','FB App',1,'[{"added": {}}]',20,1,'2018-10-12 22:13:32.522343');
INSERT INTO django_admin_log VALUES(105,'2','Petrosyan Jewelry',2,'[{"changed": {"fields": ["name"]}}]',20,1,'2018-10-13 16:49:17.870172');
INSERT INTO django_admin_log VALUES(106,'1','localhost:8000',2,'[{"changed": {"fields": ["name"]}}]',16,1,'2018-10-13 16:49:46.897122');
INSERT INTO django_admin_log VALUES(107,'2','FB App',2,'[{"changed": {"fields": ["name"]}}]',20,1,'2018-10-13 16:50:02.225566');
INSERT INTO django_admin_log VALUES(108,'17','kikos',3,'',3,1,'2018-10-14 17:40:59.174473');
INSERT INTO django_admin_log VALUES(109,'15','kirill81',3,'',3,1,'2018-10-14 17:40:59.181573');
INSERT INTO django_admin_log VALUES(110,'16','vasil',3,'',3,1,'2018-10-14 17:40:59.186517');
CREATE TABLE IF NOT EXISTS "django_content_type" ("id" integer NOT NULL PRIMARY KEY AUTOINCREMENT, "app_label" varchar(100) NOT NULL, "model" varchar(100) NOT NULL);
INSERT INTO django_content_type VALUES(1,'admin','logentry');
INSERT INTO django_content_type VALUES(2,'auth','permission');
INSERT INTO django_content_type VALUES(3,'auth','user');
INSERT INTO django_content_type VALUES(4,'auth','group');
INSERT INTO django_content_type VALUES(5,'contenttypes','contenttype');
INSERT INTO django_content_type VALUES(6,'sessions','session');
INSERT INTO django_content_type VALUES(7,'landing','subscribers');
INSERT INTO django_content_type VALUES(8,'landing','subscriber');
INSERT INTO django_content_type VALUES(9,'product','productimage');
INSERT INTO django_content_type VALUES(10,'product','product');
INSERT INTO django_content_type VALUES(11,'order','order');
INSERT INTO django_content_type VALUES(12,'order','status');
INSERT INTO django_content_type VALUES(13,'order','productinorder');
INSERT INTO django_content_type VALUES(14,'product','category');
INSERT INTO django_content_type VALUES(15,'order','productincart');
INSERT INTO django_content_type VALUES(16,'sites','site');
INSERT INTO django_content_type VALUES(17,'account','emailaddress');
INSERT INTO django_content_type VALUES(18,'account','emailconfirmation');
INSERT INTO django_content_type VALUES(19,'socialaccount','socialaccount');
INSERT INTO django_content_type VALUES(20,'socialaccount','socialapp');
INSERT INTO django_content_type VALUES(21,'socialaccount','socialtoken');
CREATE TABLE IF NOT EXISTS "auth_permission" ("id" integer NOT NULL PRIMARY KEY AUTOINCREMENT, "content_type_id" integer NOT NULL REFERENCES "django_content_type" ("id"), "codename" varchar(100) NOT NULL, "name" varchar(255) NOT NULL);
INSERT INTO auth_permission VALUES(1,1,'add_logentry','Can add log entry');
INSERT INTO auth_permission VALUES(2,1,'change_logentry','Can change log entry');
INSERT INTO auth_permission VALUES(3,1,'delete_logentry','Can delete log entry');
INSERT INTO auth_permission VALUES(4,2,'add_permission','Can add permission');
INSERT INTO auth_permission VALUES(5,2,'change_permission','Can change permission');
INSERT INTO auth_permission VALUES(6,2,'delete_permission','Can delete permission');
INSERT INTO auth_permission VALUES(7,3,'add_user','Can add user');
INSERT INTO auth_permission VALUES(8,3,'change_user','Can change user');
INSERT INTO auth_permission VALUES(9,3,'delete_user','Can delete user');
INSERT INTO auth_permission VALUES(10,4,'add_group','Can add group');
INSERT INTO auth_permission VALUES(11,4,'change_group','Can change group');
INSERT INTO auth_permission VALUES(12,4,'delete_group','Can delete group');
INSERT INTO auth_permission VALUES(13,5,'add_contenttype','Can add content type');
INSERT INTO auth_permission VALUES(14,5,'change_contenttype','Can change content type');
INSERT INTO auth_permission VALUES(15,5,'delete_contenttype','Can delete content type');
INSERT INTO auth_permission VALUES(16,6,'add_session','Can add session');
INSERT INTO auth_permission VALUES(17,6,'change_session','Can change session');
INSERT INTO auth_permission VALUES(18,6,'delete_session','Can delete session');
INSERT INTO auth_permission VALUES(19,7,'add_subscribers','Can add subscribers');
INSERT INTO auth_permission VALUES(20,7,'change_subscribers','Can change subscribers');
INSERT INTO auth_permission VALUES(21,7,'delete_subscribers','Can delete subscribers');
INSERT INTO auth_permission VALUES(22,8,'add_subscriber','Can add subscriber');
INSERT INTO auth_permission VALUES(23,8,'change_subscriber','Can change subscriber');
INSERT INTO auth_permission VALUES(24,8,'delete_subscriber','Can delete subscriber');
INSERT INTO auth_permission VALUES(25,9,'add_productimage','Can add Фотография');
INSERT INTO auth_permission VALUES(26,9,'change_productimage','Can change Фотография');
INSERT INTO auth_permission VALUES(27,9,'delete_productimage','Can delete Фотография');
INSERT INTO auth_permission VALUES(28,10,'add_product','Can add Товар');
INSERT INTO auth_permission VALUES(29,10,'change_product','Can change Товар');
INSERT INTO auth_permission VALUES(30,10,'delete_product','Can delete Товар');
INSERT INTO auth_permission VALUES(31,11,'add_order','Can add Заказ');
INSERT INTO auth_permission VALUES(32,11,'change_order','Can change Заказ');
INSERT INTO auth_permission VALUES(33,11,'delete_order','Can delete Заказ');
INSERT INTO auth_permission VALUES(34,12,'add_status','Can add Статус');
INSERT INTO auth_permission VALUES(35,12,'change_status','Can change Статус');
INSERT INTO auth_permission VALUES(36,12,'delete_status','Can delete Статус');
INSERT INTO auth_permission VALUES(37,13,'add_productinorder','Can add Товар');
INSERT INTO auth_permission VALUES(38,13,'change_productinorder','Can change Товар');
INSERT INTO auth_permission VALUES(39,13,'delete_productinorder','Can delete Товар');
INSERT INTO auth_permission VALUES(40,14,'add_category','Can add Категория');
INSERT INTO auth_permission VALUES(41,14,'change_category','Can change Категория');
INSERT INTO auth_permission VALUES(42,14,'delete_category','Can delete Категория');
INSERT INTO auth_permission VALUES(43,15,'add_productincart','Can add Товар в корзине');
INSERT INTO auth_permission VALUES(44,15,'change_productincart','Can change Товар в корзине');
INSERT INTO auth_permission VALUES(45,15,'delete_productincart','Can delete Товар в корзине');
INSERT INTO auth_permission VALUES(46,16,'add_site','Can add site');
INSERT INTO auth_permission VALUES(47,16,'change_site','Can change site');
INSERT INTO auth_permission VALUES(48,16,'delete_site','Can delete site');
INSERT INTO auth_permission VALUES(49,17,'add_emailaddress','Can add email address');
INSERT INTO auth_permission VALUES(50,17,'change_emailaddress','Can change email address');
INSERT INTO auth_permission VALUES(51,17,'delete_emailaddress','Can delete email address');
INSERT INTO auth_permission VALUES(52,18,'add_emailconfirmation','Can add email confirmation');
INSERT INTO auth_permission VALUES(53,18,'change_emailconfirmation','Can change email confirmation');
INSERT INTO auth_permission VALUES(54,18,'delete_emailconfirmation','Can delete email confirmation');
INSERT INTO auth_permission VALUES(55,19,'add_socialaccount','Can add social account');
INSERT INTO auth_permission VALUES(56,19,'change_socialaccount','Can change social account');
INSERT INTO auth_permission VALUES(57,19,'delete_socialaccount','Can delete social account');
INSERT INTO auth_permission VALUES(58,20,'add_socialapp','Can add social application');
INSERT INTO auth_permission VALUES(59,20,'change_socialapp','Can change social application');
INSERT INTO auth_permission VALUES(60,20,'delete_socialapp','Can delete social application');
INSERT INTO auth_permission VALUES(61,21,'add_socialtoken','Can add social application token');
INSERT INTO auth_permission VALUES(62,21,'change_socialtoken','Can change social application token');
INSERT INTO auth_permission VALUES(63,21,'delete_socialtoken','Can delete social application token');
CREATE TABLE IF NOT EXISTS "auth_user" ("id" integer NOT NULL PRIMARY KEY AUTOINCREMENT, "password" varchar(128) NOT NULL, "last_login" datetime NULL, "is_superuser" bool NOT NULL, "first_name" varchar(30) NOT NULL, "last_name" varchar(30) NOT NULL, "email" varchar(254) NOT NULL, "is_staff" bool NOT NULL, "is_active" bool NOT NULL, "date_joined" datetime NOT NULL, "username" varchar(150) NOT NULL UNIQUE);
INSERT INTO auth_user VALUES(1,'pbkdf2_sha256$36000$CoYprSD8B1U5$k7kgUl3M1+d24SDjH32weqg3zz2UWWa1RPA6UEpBlZc=','2018-10-14 18:48:03.998767',1,'','','',1,1,'2018-05-20 21:03:59.555558','kirill');
CREATE TABLE IF NOT EXISTS "django_session" ("session_key" varchar(40) NOT NULL PRIMARY KEY, "session_data" text NOT NULL, "expire_date" datetime NOT NULL);
INSERT INTO django_session VALUES('yi1sm4eakblw44cmyh96uob1xjphorjr','Yjc4ODhjM2ZhMzBhMDY0ZjYwNjQ4ODY4ZDVjNmFhMmQ4OGQxMjhlYTp7Il9hdXRoX3VzZXJfaWQiOiIxIiwiX2F1dGhfdXNlcl9iYWNrZW5kIjoiZGphbmdvLmNvbnRyaWIuYXV0aC5iYWNrZW5kcy5Nb2RlbEJhY2tlbmQiLCJfYXV0aF91c2VyX2hhc2giOiIyNjY3ZDQ4NWE4OTg0MmZhZTk3ZDY0ZTEzOGJmZmU0NTdiZTM2YTJmIn0=','2018-06-03 21:06:29.762592');
INSERT INTO django_session VALUES('8bqr74ymunv9fawgedwwwher2ssta9ev','Yjc4ODhjM2ZhMzBhMDY0ZjYwNjQ4ODY4ZDVjNmFhMmQ4OGQxMjhlYTp7Il9hdXRoX3VzZXJfaWQiOiIxIiwiX2F1dGhfdXNlcl9iYWNrZW5kIjoiZGphbmdvLmNvbnRyaWIuYXV0aC5iYWNrZW5kcy5Nb2RlbEJhY2tlbmQiLCJfYXV0aF91c2VyX2hhc2giOiIyNjY3ZDQ4NWE4OTg0MmZhZTk3ZDY0ZTEzOGJmZmU0NTdiZTM2YTJmIn0=','2018-06-26 18:49:32.191329');
INSERT INTO django_session VALUES('w7yys181cbhz2ult9naviiiwpvfs4rjv','Yjc4ODhjM2ZhMzBhMDY0ZjYwNjQ4ODY4ZDVjNmFhMmQ4OGQxMjhlYTp7Il9hdXRoX3VzZXJfaWQiOiIxIiwiX2F1dGhfdXNlcl9iYWNrZW5kIjoiZGphbmdvLmNvbnRyaWIuYXV0aC5iYWNrZW5kcy5Nb2RlbEJhY2tlbmQiLCJfYXV0aF91c2VyX2hhc2giOiIyNjY3ZDQ4NWE4OTg0MmZhZTk3ZDY0ZTEzOGJmZmU0NTdiZTM2YTJmIn0=','2018-07-16 15:09:01.706554');
INSERT INTO django_session VALUES('kjekfwe4e3tknckvw0u6rx5uejutnqeh','Yjc4ODhjM2ZhMzBhMDY0ZjYwNjQ4ODY4ZDVjNmFhMmQ4OGQxMjhlYTp7Il9hdXRoX3VzZXJfaWQiOiIxIiwiX2F1dGhfdXNlcl9iYWNrZW5kIjoiZGphbmdvLmNvbnRyaWIuYXV0aC5iYWNrZW5kcy5Nb2RlbEJhY2tlbmQiLCJfYXV0aF91c2VyX2hhc2giOiIyNjY3ZDQ4NWE4OTg0MmZhZTk3ZDY0ZTEzOGJmZmU0NTdiZTM2YTJmIn0=','2018-08-07 13:08:18.884801');
INSERT INTO django_session VALUES('2boyebijqhpwrdhdlbt3631z5468y5lk','Yjc4ODhjM2ZhMzBhMDY0ZjYwNjQ4ODY4ZDVjNmFhMmQ4OGQxMjhlYTp7Il9hdXRoX3VzZXJfaWQiOiIxIiwiX2F1dGhfdXNlcl9iYWNrZW5kIjoiZGphbmdvLmNvbnRyaWIuYXV0aC5iYWNrZW5kcy5Nb2RlbEJhY2tlbmQiLCJfYXV0aF91c2VyX2hhc2giOiIyNjY3ZDQ4NWE4OTg0MmZhZTk3ZDY0ZTEzOGJmZmU0NTdiZTM2YTJmIn0=','2018-08-25 16:35:05.381225');
INSERT INTO django_session VALUES('ftvrkalrl0o3wfrq3j0tfh9tvg1opnpx','Yjc4ODhjM2ZhMzBhMDY0ZjYwNjQ4ODY4ZDVjNmFhMmQ4OGQxMjhlYTp7Il9hdXRoX3VzZXJfaWQiOiIxIiwiX2F1dGhfdXNlcl9iYWNrZW5kIjoiZGphbmdvLmNvbnRyaWIuYXV0aC5iYWNrZW5kcy5Nb2RlbEJhY2tlbmQiLCJfYXV0aF91c2VyX2hhc2giOiIyNjY3ZDQ4NWE4OTg0MmZhZTk3ZDY0ZTEzOGJmZmU0NTdiZTM2YTJmIn0=','2018-09-18 16:36:14.493405');
INSERT INTO django_session VALUES('4nhgxmspmmk93mrx13rgrt1r4iuipk6n','Yjc4ODhjM2ZhMzBhMDY0ZjYwNjQ4ODY4ZDVjNmFhMmQ4OGQxMjhlYTp7Il9hdXRoX3VzZXJfaWQiOiIxIiwiX2F1dGhfdXNlcl9iYWNrZW5kIjoiZGphbmdvLmNvbnRyaWIuYXV0aC5iYWNrZW5kcy5Nb2RlbEJhY2tlbmQiLCJfYXV0aF91c2VyX2hhc2giOiIyNjY3ZDQ4NWE4OTg0MmZhZTk3ZDY0ZTEzOGJmZmU0NTdiZTM2YTJmIn0=','2018-10-03 11:29:17.051446');
INSERT INTO django_session VALUES('zcbhk01yofn4yleuznj0m3gvd9esxpdi','MDdiZTZmZGU5OTc2NzA4NjY2MDhmNTRhZmY4OTJhOThjOWM3OGRhYTp7Il9hdXRoX3VzZXJfaWQiOiIxIiwiX2F1dGhfdXNlcl9iYWNrZW5kIjoiZGphbmdvLmNvbnRyaWIuYXV0aC5iYWNrZW5kcy5Nb2RlbEJhY2tlbmQiLCJfYXV0aF91c2VyX2hhc2giOiIyNTRkNDM5ZDczYmU5NDMyMTBkYjJlNWM0MzY0MjNiNjcxYTZkMTg2In0=','2018-10-18 16:14:04.926462');
INSERT INTO django_session VALUES('inen5bvls37y10kzgtp92nv1eac1nip1','MDdiZTZmZGU5OTc2NzA4NjY2MDhmNTRhZmY4OTJhOThjOWM3OGRhYTp7Il9hdXRoX3VzZXJfaWQiOiIxIiwiX2F1dGhfdXNlcl9iYWNrZW5kIjoiZGphbmdvLmNvbnRyaWIuYXV0aC5iYWNrZW5kcy5Nb2RlbEJhY2tlbmQiLCJfYXV0aF91c2VyX2hhc2giOiIyNTRkNDM5ZDczYmU5NDMyMTBkYjJlNWM0MzY0MjNiNjcxYTZkMTg2In0=','2018-10-22 11:59:00.755801');
INSERT INTO django_session VALUES('g3apfte3j71urwousyx3jc0raj1zc78o','MDdiZTZmZGU5OTc2NzA4NjY2MDhmNTRhZmY4OTJhOThjOWM3OGRhYTp7Il9hdXRoX3VzZXJfaWQiOiIxIiwiX2F1dGhfdXNlcl9iYWNrZW5kIjoiZGphbmdvLmNvbnRyaWIuYXV0aC5iYWNrZW5kcy5Nb2RlbEJhY2tlbmQiLCJfYXV0aF91c2VyX2hhc2giOiIyNTRkNDM5ZDczYmU5NDMyMTBkYjJlNWM0MzY0MjNiNjcxYTZkMTg2In0=','2018-10-23 13:47:02.130425');
INSERT INTO django_session VALUES('zdbphr7n4l115b380c69k2d5elh3lsx0','MDdiZTZmZGU5OTc2NzA4NjY2MDhmNTRhZmY4OTJhOThjOWM3OGRhYTp7Il9hdXRoX3VzZXJfaWQiOiIxIiwiX2F1dGhfdXNlcl9iYWNrZW5kIjoiZGphbmdvLmNvbnRyaWIuYXV0aC5iYWNrZW5kcy5Nb2RlbEJhY2tlbmQiLCJfYXV0aF91c2VyX2hhc2giOiIyNTRkNDM5ZDczYmU5NDMyMTBkYjJlNWM0MzY0MjNiNjcxYTZkMTg2In0=','2018-10-23 16:08:41.344744');
INSERT INTO django_session VALUES('xlg5z9kk7tdft05gv3nv701zix3n8jov','MzZlMjZmYmU5M2M0MmI2ODE5MmYzOTdlNzUwOTdmMDdkMWY4N2YxZDp7fQ==','2018-10-24 08:45:38.810694');
INSERT INTO django_session VALUES('p4xlbl20gcbxmnxnlo0nvxhbkuz6h86r','MzZlMjZmYmU5M2M0MmI2ODE5MmYzOTdlNzUwOTdmMDdkMWY4N2YxZDp7fQ==','2018-10-24 08:51:00.455295');
INSERT INTO django_session VALUES('j9fo0vcr03czeh5z89adzrwwqtrpo1qu','MzZlMjZmYmU5M2M0MmI2ODE5MmYzOTdlNzUwOTdmMDdkMWY4N2YxZDp7fQ==','2018-10-24 08:53:07.003755');
INSERT INTO django_session VALUES('7nk87aunspkck62z35g5v0badmmq4ant','MzZlMjZmYmU5M2M0MmI2ODE5MmYzOTdlNzUwOTdmMDdkMWY4N2YxZDp7fQ==','2018-10-24 09:05:11.160769');
INSERT INTO django_session VALUES('lhk2oo4x8sn484nislw850pa2d8mgjma','MzZlMjZmYmU5M2M0MmI2ODE5MmYzOTdlNzUwOTdmMDdkMWY4N2YxZDp7fQ==','2018-10-24 09:05:15.197459');
INSERT INTO django_session VALUES('w9yalb2e3b1vtm7ru5e4d34l85g5bbd5','MzZlMjZmYmU5M2M0MmI2ODE5MmYzOTdlNzUwOTdmMDdkMWY4N2YxZDp7fQ==','2018-10-24 16:14:40.864007');
INSERT INTO django_session VALUES('f4q6z62w5au9u6rs9ooxrcy7sfkvmk72','MzZlMjZmYmU5M2M0MmI2ODE5MmYzOTdlNzUwOTdmMDdkMWY4N2YxZDp7fQ==','2018-10-25 11:58:12.818913');
INSERT INTO django_session VALUES('e3dqvd7th34pb4e0blo6ysqda4621vt2','MzZlMjZmYmU5M2M0MmI2ODE5MmYzOTdlNzUwOTdmMDdkMWY4N2YxZDp7fQ==','2018-10-25 16:06:01.180490');
INSERT INTO django_session VALUES('cv2jpdvbpkd11emcpqvcta1kjndakfdw','MzZlMjZmYmU5M2M0MmI2ODE5MmYzOTdlNzUwOTdmMDdkMWY4N2YxZDp7fQ==','2018-10-25 16:37:24.630496');
INSERT INTO django_session VALUES('ds8k0w3zkkiqxsenzlnbmp6mfauibe9e','MzZlMjZmYmU5M2M0MmI2ODE5MmYzOTdlNzUwOTdmMDdkMWY4N2YxZDp7fQ==','2018-10-25 16:39:59.100568');
INSERT INTO django_session VALUES('yso6lrhbexeurklt233pjz4478i1c22q','MzZlMjZmYmU5M2M0MmI2ODE5MmYzOTdlNzUwOTdmMDdkMWY4N2YxZDp7fQ==','2018-10-25 17:43:54.136539');
INSERT INTO django_session VALUES('ykebmgvnbajt5zskox92ilbj2fuu4jra','MzZlMjZmYmU5M2M0MmI2ODE5MmYzOTdlNzUwOTdmMDdkMWY4N2YxZDp7fQ==','2018-10-25 17:46:58.822189');
INSERT INTO django_session VALUES('g2j0jq9v9wl7di40fw5u7oa8mmhksalu','MzZlMjZmYmU5M2M0MmI2ODE5MmYzOTdlNzUwOTdmMDdkMWY4N2YxZDp7fQ==','2018-10-26 18:28:29.461611');
INSERT INTO django_session VALUES('73991qrhampyg3x76at8nfx139oa3qws','MzZlMjZmYmU5M2M0MmI2ODE5MmYzOTdlNzUwOTdmMDdkMWY4N2YxZDp7fQ==','2018-10-26 18:37:19.688081');
INSERT INTO django_session VALUES('dz7h87zlma6wz6830ulftli79vfxuass','MzZlMjZmYmU5M2M0MmI2ODE5MmYzOTdlNzUwOTdmMDdkMWY4N2YxZDp7fQ==','2018-10-26 18:49:38.450487');
INSERT INTO django_session VALUES('z9ufx8wlwtyt0zqo681y4ad16jr4y0b2','MzZlMjZmYmU5M2M0MmI2ODE5MmYzOTdlNzUwOTdmMDdkMWY4N2YxZDp7fQ==','2018-10-26 18:50:31.576301');
INSERT INTO django_session VALUES('wjlwrebmd0u733fu3m1hg3tw0vyliofq','MzZlMjZmYmU5M2M0MmI2ODE5MmYzOTdlNzUwOTdmMDdkMWY4N2YxZDp7fQ==','2018-10-26 18:50:50.368796');
INSERT INTO django_session VALUES('toz0ew0wt1i1esze8i4b0d51g2iz30di','NDNiMmJkMTlhODZlODU2NWY2NmNjZTc5NTg4YzUzYWNjNDEyYjFmOTp7Il9hdXRoX3VzZXJfaWQiOiIxIiwiX2F1dGhfdXNlcl9iYWNrZW5kIjoiZGphbmdvLmNvbnRyaWIuYXV0aC5iYWNrZW5kcy5Nb2RlbEJhY2tlbmQiLCJfYXV0aF91c2VyX2hhc2giOiI5Y2NhYTYwYzNhODVhMTNmODJkMjM5NDgwZGVjN2MyODVhMjM2NmUxIn0=','2018-10-26 20:33:28.072279');
INSERT INTO django_session VALUES('5t0iz4zd8duyj5bpuo2txmkumqzfucdq','NDNiMmJkMTlhODZlODU2NWY2NmNjZTc5NTg4YzUzYWNjNDEyYjFmOTp7Il9hdXRoX3VzZXJfaWQiOiIxIiwiX2F1dGhfdXNlcl9iYWNrZW5kIjoiZGphbmdvLmNvbnRyaWIuYXV0aC5iYWNrZW5kcy5Nb2RlbEJhY2tlbmQiLCJfYXV0aF91c2VyX2hhc2giOiI5Y2NhYTYwYzNhODVhMTNmODJkMjM5NDgwZGVjN2MyODVhMjM2NmUxIn0=','2018-10-28 17:40:47.498293');
CREATE TABLE IF NOT EXISTS "order_status" ("id" integer NOT NULL PRIMARY KEY AUTOINCREMENT, "name" varchar(24) NULL, "is_active" bool NOT NULL, "updated" datetime NOT NULL, "created" datetime NOT NULL);
INSERT INTO order_status VALUES(1,'Новый',1,'2018-05-24 21:21:42.767179','2018-05-24 21:21:42.767242');
INSERT INTO order_status VALUES(2,'В работе',1,'2018-05-24 21:21:54.761876','2018-05-24 21:21:54.761936');
INSERT INTO order_status VALUES(3,'Отменен',1,'2018-05-24 21:22:09.170474','2018-05-24 21:22:09.170591');
INSERT INTO order_status VALUES(4,'Выполнен',1,'2018-05-24 21:22:19.629779','2018-05-24 21:22:19.629886');
CREATE TABLE IF NOT EXISTS "order_order" ("id" integer NOT NULL PRIMARY KEY AUTOINCREMENT, "customer_email" varchar(254) NULL, "customer_name" varchar(128) NOT NULL, "customer_phone" varchar(128) NULL, "comment" text NULL, "updated" datetime NOT NULL, "created" datetime NOT NULL, "status_id" integer NOT NULL REFERENCES "order_status" ("id"), "customer_adress" varchar(128) NULL, "total_price" decimal NOT NULL);
INSERT INTO order_order VALUES(1,'k@gmail.com','kirill','25269','','2018-05-24 21:32:59.146482','2018-05-24 21:22:40.191545',1,NULL,0);
INSERT INTO order_order VALUES(2,'k@gmail.com','kirilos','','','2018-05-25 21:26:04.473062','2018-05-25 21:26:04.465622',1,'',500);
INSERT INTO order_order VALUES(3,'','Аня','','','2018-05-25 21:32:03.166816','2018-05-25 21:32:03.155288',1,'',850);
CREATE TABLE IF NOT EXISTS "order_productinorder" ("id" integer NOT NULL PRIMARY KEY AUTOINCREMENT, "nmb" integer NOT NULL, "price_per_item" decimal NOT NULL, "updated" datetime NOT NULL, "created" datetime NOT NULL, "order_id" integer NULL REFERENCES "order_order" ("id"), "product_id" integer NULL REFERENCES "product_product" ("id"), "total_price" decimal NOT NULL, "is_active" bool NOT NULL);
CREATE TABLE IF NOT EXISTS "landing_subscriber" ("id" integer NOT NULL PRIMARY KEY AUTOINCREMENT, "email" varchar(254) NOT NULL, "name" varchar(128) NOT NULL);
INSERT INTO landing_subscriber VALUES(1,'kirill@i.ua','kirill');
INSERT INTO landing_subscriber VALUES(2,'pospolitaki@gmail.com','kiki');
INSERT INTO landing_subscriber VALUES(6,'test@gmail.com','kirill');
INSERT INTO landing_subscriber VALUES(7,'try@gmail.com','k');
CREATE TABLE IF NOT EXISTS "product_productimage" ("id" integer NOT NULL PRIMARY KEY AUTOINCREMENT, "image" varchar(100) NOT NULL, "is_active" bool NOT NULL, "created" datetime NOT NULL, "updated" datetime NOT NULL, "is_main" bool NOT NULL, "product_id" integer NULL REFERENCES "product_product" ("id"));
INSERT INTO product_productimage VALUES(8,'product_images/IMG_1291.JPG',1,'2018-08-02 22:10:28.624154','2018-08-02 22:11:40.932597',1,5);
INSERT INTO product_productimage VALUES(9,'product_images/IMG_1322.JPG',1,'2018-08-02 22:10:28.627890','2018-08-02 22:10:28.627960',0,5);
INSERT INTO product_productimage VALUES(10,'product_images/IMG_1323.JPG',1,'2018-08-02 22:10:28.631249','2018-08-02 22:10:28.631335',0,5);
INSERT INTO product_productimage VALUES(11,'product_images/IMG_2061.JPG',1,'2018-08-06 17:59:43.316846','2018-08-06 17:59:43.316970',1,6);
INSERT INTO product_productimage VALUES(12,'product_images/IMG_2079.JPG',1,'2018-08-06 17:59:43.323881','2018-08-06 17:59:43.324052',0,6);
INSERT INTO product_productimage VALUES(13,'product_images/IMG_2082.JPG',1,'2018-08-06 17:59:43.329290','2018-08-06 17:59:43.329407',0,6);
INSERT INTO product_productimage VALUES(14,'product_images/IMG_2092.JPG',1,'2018-08-06 17:59:43.335321','2018-08-06 17:59:43.335444',0,6);
INSERT INTO product_productimage VALUES(15,'product_images/IMG_1917.JPG',1,'2018-08-06 18:48:17.490576','2018-08-06 18:48:17.490691',1,7);
INSERT INTO product_productimage VALUES(16,'product_images/IMG_1922.JPG',1,'2018-08-06 18:48:17.499118','2018-08-06 18:48:17.499344',0,7);
INSERT INTO product_productimage VALUES(17,'product_images/IMG_0158.JPG',1,'2018-08-06 18:54:59.013162','2018-08-06 19:01:45.928622',1,8);
INSERT INTO product_productimage VALUES(18,'product_images/IMG_0177.JPG',1,'2018-08-06 18:55:44.443347','2018-08-06 19:01:37.893132',1,9);
INSERT INTO product_productimage VALUES(19,'product_images/IMG_1371.JPG',1,'2018-08-06 18:56:08.548977','2018-08-06 19:01:29.227694',1,10);
INSERT INTO product_productimage VALUES(20,'product_images/IMG_0967.JPG',1,'2018-08-06 18:58:57.763185','2018-08-06 18:58:57.763256',1,11);
INSERT INTO product_productimage VALUES(21,'product_images/IMG_1008.JPG',1,'2018-08-06 18:58:57.766257','2018-08-06 18:58:57.766325',0,11);
INSERT INTO product_productimage VALUES(22,'product_images/IMG_1022.JPG',1,'2018-08-06 18:58:57.769928','2018-08-06 18:58:57.770097',0,11);
INSERT INTO product_productimage VALUES(23,'product_images/IMG_1252.JPG',1,'2018-08-06 19:09:33.134269','2018-08-06 19:09:33.134339',1,12);
INSERT INTO product_productimage VALUES(24,'product_images/IMG_1253.JPG',1,'2018-08-06 19:09:33.138002','2018-08-06 19:09:33.138071',0,12);
INSERT INTO product_productimage VALUES(25,'product_images/IMG_1254.JPG',1,'2018-08-06 19:09:33.141183','2018-08-06 19:09:33.141254',0,12);
INSERT INTO product_productimage VALUES(26,'product_images/IMG_1414.JPG',1,'2018-08-06 19:12:11.424506','2018-08-06 19:12:11.424625',0,13);
INSERT INTO product_productimage VALUES(27,'product_images/IMG_1418.JPG',1,'2018-08-06 19:12:11.431803','2018-08-06 19:12:11.431919',0,13);
INSERT INTO product_productimage VALUES(28,'product_images/IMG_1421.JPG',1,'2018-08-06 19:12:11.439931','2018-08-06 19:12:11.440039',0,13);
INSERT INTO product_productimage VALUES(29,'product_images/IMG_2096.JPG',1,'2018-08-11 16:49:12.250292','2018-08-11 16:49:12.250370',1,14);
INSERT INTO product_productimage VALUES(30,'product_images/IMG_2108.JPG',1,'2018-08-11 16:49:12.255098','2018-08-11 16:49:12.255254',0,14);
INSERT INTO product_productimage VALUES(31,'product_images/IMG_0061.JPG',1,'2018-09-06 13:14:40.190424','2018-09-06 13:14:40.190549',1,15);
INSERT INTO product_productimage VALUES(32,'product_images/IMG_0070.JPG',1,'2018-09-06 13:14:40.206621','2018-09-06 13:14:40.206737',0,15);
INSERT INTO product_productimage VALUES(33,'product_images/IMG_0082.JPG',1,'2018-09-06 13:14:40.217136','2018-09-06 13:14:40.217255',0,15);
CREATE TABLE IF NOT EXISTS "product_category" ("id" integer NOT NULL PRIMARY KEY AUTOINCREMENT, "name" varchar(128) NULL, "is_active" bool NOT NULL);
INSERT INTO product_category VALUES(1,'Браслеты кожаные',1);
INSERT INTO product_category VALUES(2,'Подвески',1);
INSERT INTO product_category VALUES(3,'Запонки',1);
INSERT INTO product_category VALUES(4,'Кольца',1);
INSERT INTO product_category VALUES(5,'Серьги',1);
INSERT INTO product_category VALUES(6,'Для детей',1);
INSERT INTO product_category VALUES(7,'Браслеты из натуральных камней',1);
INSERT INTO product_category VALUES(8,'Браслеты серебряные и золотые',1);
CREATE TABLE IF NOT EXISTS "product_product" ("id" integer NOT NULL PRIMARY KEY AUTOINCREMENT, "name" varchar(128) NULL, "description" text NULL, "created" datetime NOT NULL, "updated" datetime NOT NULL, "price" decimal NOT NULL, "short_description" text NULL, "category_id" integer NULL REFERENCES "product_category" ("id"), "discount" integer NOT NULL, "is_active" bool NOT NULL);
INSERT INTO product_product VALUES(5,'Плетеный кожаный браслет со вставкой из нержавеющей стали','','2018-08-02 22:10:28.617055','2018-08-06 18:47:00.702465',15,'',1,0,1);
INSERT INTO product_product VALUES(6,'Серебряный браслет на нити','','2018-08-06 17:59:43.303628','2018-08-06 17:59:43.303700',20,'',8,0,1);
INSERT INTO product_product VALUES(7,'Браслет из лавы с серебряной вставкой и гравировкой','','2018-08-06 18:48:17.482743','2018-08-11 16:50:41.440377',10,'',7,0,1);
INSERT INTO product_product VALUES(8,'Серебряный браслет на нити','','2018-08-06 18:54:59.000370','2018-08-06 19:01:45.924250',10,'',6,0,1);
INSERT INTO product_product VALUES(9,'Серебряный браслет на нити','','2018-08-06 18:55:44.427398','2018-08-06 19:01:37.889899',7,'',6,0,1);
INSERT INTO product_product VALUES(10,'Серебряный браслет на нити','','2018-08-06 18:56:08.543778','2018-08-06 19:01:29.221125',12,'',6,0,1);
INSERT INTO product_product VALUES(11,'Кольцо для помолвки из белого золота','','2018-08-06 18:58:57.755029','2018-08-06 19:12:29.890879',15,'',4,0,1);
INSERT INTO product_product VALUES(12,'Серебряная подвеска с персонифицированной гравировкой','','2018-08-06 19:09:33.126622','2018-08-06 19:09:33.126763',30,'',2,0,1);
INSERT INTO product_product VALUES(13,'Серьги с янтарем в серебре','','2018-08-06 19:12:11.414769','2018-08-06 19:12:11.414835',18,'',5,0,1);
INSERT INTO product_product VALUES(14,'Баслет из лавы с серебряным крестом','','2018-08-11 16:49:12.244275','2018-10-09 16:08:47.324841',15,'',7,10,1);
INSERT INTO product_product VALUES(15,'Плетеный кожаный браслет со вставкой из нержавеющей стали','','2018-09-06 13:14:40.175922','2018-10-09 13:47:14.042860',20,'',1,30,1);
CREATE TABLE IF NOT EXISTS "order_productincart" ("id" integer NOT NULL PRIMARY KEY AUTOINCREMENT, "session_key" varchar(128) NULL, "nmb" integer NOT NULL, "price_per_item" decimal NOT NULL, "total_price" decimal NOT NULL, "is_active" bool NOT NULL, "created" datetime NOT NULL, "updated" datetime NOT NULL, "order_id" integer NULL REFERENCES "order_order" ("id"), "product_id" integer NULL REFERENCES "product_product" ("id"));
CREATE TABLE IF NOT EXISTS "account_emailconfirmation" ("id" integer NOT NULL PRIMARY KEY AUTOINCREMENT, "created" datetime NOT NULL, "sent" datetime NULL, "key" varchar(64) NOT NULL UNIQUE, "email_address_id" integer NOT NULL REFERENCES "account_emailaddress" ("id"));
CREATE TABLE IF NOT EXISTS "account_emailaddress" ("id" integer NOT NULL PRIMARY KEY AUTOINCREMENT, "verified" bool NOT NULL, "primary" bool NOT NULL, "user_id" integer NOT NULL REFERENCES "auth_user" ("id"), "email" varchar(254) NOT NULL UNIQUE);
CREATE TABLE IF NOT EXISTS "django_site" ("id" integer NOT NULL PRIMARY KEY AUTOINCREMENT, "name" varchar(50) NOT NULL, "domain" varchar(100) NOT NULL UNIQUE);
INSERT INTO django_site VALUES(1,'Petrosyan Jewelry','localhost:8000');
CREATE TABLE IF NOT EXISTS "socialaccount_socialapp_sites" ("id" integer NOT NULL PRIMARY KEY AUTOINCREMENT, "socialapp_id" integer NOT NULL REFERENCES "socialaccount_socialapp" ("id"), "site_id" integer NOT NULL REFERENCES "django_site" ("id"));
INSERT INTO socialaccount_socialapp_sites VALUES(2,2,1);
CREATE TABLE IF NOT EXISTS "socialaccount_socialtoken" ("id" integer NOT NULL PRIMARY KEY AUTOINCREMENT, "token" text NOT NULL, "token_secret" text NOT NULL, "expires_at" datetime NULL, "account_id" integer NOT NULL REFERENCES "socialaccount_socialaccount" ("id"), "app_id" integer NOT NULL REFERENCES "socialaccount_socialapp" ("id"));
CREATE TABLE IF NOT EXISTS "socialaccount_socialapp" ("id" integer NOT NULL PRIMARY KEY AUTOINCREMENT, "provider" varchar(30) NOT NULL, "name" varchar(40) NOT NULL, "client_id" varchar(191) NOT NULL, "key" varchar(191) NOT NULL, "secret" varchar(191) NOT NULL);
INSERT INTO socialaccount_socialapp VALUES(2,'facebook','FB App','313161422818925','','9bee1d240303df92e2dc296b5d09f0f5');
CREATE TABLE IF NOT EXISTS "socialaccount_socialaccount" ("id" integer NOT NULL PRIMARY KEY AUTOINCREMENT, "provider" varchar(30) NOT NULL, "uid" varchar(191) NOT NULL, "last_login" datetime NOT NULL, "date_joined" datetime NOT NULL, "user_id" integer NOT NULL REFERENCES "auth_user" ("id"), "extra_data" text NOT NULL);
DELETE FROM sqlite_sequence;
INSERT INTO sqlite_sequence VALUES('django_migrations',38);
INSERT INTO sqlite_sequence VALUES('django_admin_log',110);
INSERT INTO sqlite_sequence VALUES('django_content_type',21);
INSERT INTO sqlite_sequence VALUES('auth_permission',63);
INSERT INTO sqlite_sequence VALUES('auth_user',17);
INSERT INTO sqlite_sequence VALUES('order_status',4);
INSERT INTO sqlite_sequence VALUES('order_order',3);
INSERT INTO sqlite_sequence VALUES('order_productinorder',4);
INSERT INTO sqlite_sequence VALUES('landing_subscriber',7);
INSERT INTO sqlite_sequence VALUES('product_productimage',33);
INSERT INTO sqlite_sequence VALUES('product_category',8);
INSERT INTO sqlite_sequence VALUES('product_product',15);
INSERT INTO sqlite_sequence VALUES('account_emailaddress',0);
INSERT INTO sqlite_sequence VALUES('django_site',1);
INSERT INTO sqlite_sequence VALUES('socialaccount_socialapp',2);
INSERT INTO sqlite_sequence VALUES('socialaccount_socialaccount',1);
INSERT INTO sqlite_sequence VALUES('socialaccount_socialapp_sites',2);
INSERT INTO sqlite_sequence VALUES('socialaccount_socialtoken',1);
CREATE UNIQUE INDEX "auth_group_permissions_group_id_0cd325b0_uniq" ON "auth_group_permissions" ("group_id", "permission_id");
CREATE INDEX "auth_group_permissions_0e939a4f" ON "auth_group_permissions" ("group_id");
CREATE INDEX "auth_group_permissions_8373b171" ON "auth_group_permissions" ("permission_id");
CREATE UNIQUE INDEX "auth_user_groups_user_id_94350c0c_uniq" ON "auth_user_groups" ("user_id", "group_id");
CREATE INDEX "auth_user_groups_e8701ad4" ON "auth_user_groups" ("user_id");
CREATE INDEX "auth_user_groups_0e939a4f" ON "auth_user_groups" ("group_id");
CREATE UNIQUE INDEX "auth_user_user_permissions_user_id_14a6b632_uniq" ON "auth_user_user_permissions" ("user_id", "permission_id");
CREATE INDEX "auth_user_user_permissions_e8701ad4" ON "auth_user_user_permissions" ("user_id");
CREATE INDEX "auth_user_user_permissions_8373b171" ON "auth_user_user_permissions" ("permission_id");
CREATE INDEX "django_admin_log_417f1b1c" ON "django_admin_log" ("content_type_id");
CREATE INDEX "django_admin_log_e8701ad4" ON "django_admin_log" ("user_id");
CREATE UNIQUE INDEX "django_content_type_app_label_76bd3d3b_uniq" ON "django_content_type" ("app_label", "model");
CREATE UNIQUE INDEX "auth_permission_content_type_id_01ab375a_uniq" ON "auth_permission" ("content_type_id", "codename");
CREATE INDEX "auth_permission_417f1b1c" ON "auth_permission" ("content_type_id");
CREATE INDEX "django_session_de54fa62" ON "django_session" ("expire_date");
CREATE INDEX "order_order_dc91ed4b" ON "order_order" ("status_id");
CREATE INDEX "order_productinorder_69dfcb07" ON "order_productinorder" ("order_id");
CREATE INDEX "order_productinorder_9bea82de" ON "order_productinorder" ("product_id");
CREATE INDEX "product_productimage_9bea82de" ON "product_productimage" ("product_id");
CREATE INDEX "product_product_b583a629" ON "product_product" ("category_id");
CREATE INDEX "order_productincart_69dfcb07" ON "order_productincart" ("order_id");
CREATE INDEX "order_productincart_9bea82de" ON "order_productincart" ("product_id");
CREATE INDEX "account_emailconfirmation_email_address_id_5b7f8c58" ON "account_emailconfirmation" ("email_address_id");
CREATE INDEX "account_emailaddress_user_id_2c513194" ON "account_emailaddress" ("user_id");
CREATE UNIQUE INDEX "socialaccount_socialtoken_app_id_account_id_fca4e0ac_uniq" ON "socialaccount_socialtoken" ("app_id", "account_id");
CREATE UNIQUE INDEX "socialaccount_socialapp_sites_socialapp_id_site_id_71a9a768_uniq" ON "socialaccount_socialapp_sites" ("socialapp_id", "site_id");
CREATE INDEX "socialaccount_socialapp_sites_socialapp_id_97fb6e7d" ON "socialaccount_socialapp_sites" ("socialapp_id");
CREATE INDEX "socialaccount_socialapp_sites_site_id_2579dee5" ON "socialaccount_socialapp_sites" ("site_id");
CREATE INDEX "socialaccount_socialtoken_account_id_951f210e" ON "socialaccount_socialtoken" ("account_id");
CREATE INDEX "socialaccount_socialtoken_app_id_636a42d7" ON "socialaccount_socialtoken" ("app_id");
CREATE UNIQUE INDEX "socialaccount_socialaccount_provider_uid_fc810c6e_uniq" ON "socialaccount_socialaccount" ("provider", "uid");
CREATE INDEX "socialaccount_socialaccount_user_id_8146e70c" ON "socialaccount_socialaccount" ("user_id");
COMMIT;
